productId,name,picUrl,classBrandName,classBrandChildName,satisfaction,remarkCount,travelNum,departCity,groupCityName,productFeature,productLevel,conditionTagCombination,vendorName
210055121,[端午]<海南三亚-蜈支洲-亚龙湾双飞5日游>华东甄选，无敌180度海景/鹿回头山景/国光豪生等连住，0购自营地接，蜈支洲VIP免排队，24h接送机,http://m.tuniucdn.com/fb2/t1/G3/M00/18/02/Cii_NllQsGmIfFvmAAZ8hlADJUIAABpcwB8AxwABnye602_w320_h180_c1_t0.jpg,跟团游,常规跟团,96,2.5万,11.7万,上海,三亚,无敌180°海景 蜈支洲VIP通道免排队  超高满意度 亲子蜜月度假 牛人明星导游,5,"['海滨/岛屿', '纯玩无购物', '有自由活动']",牛人专线
210598350,[端午]<海南三亚国光豪生双飞3-8日自由行>臻选三亚湾国际五星一线海景酒店，畅游4500平水世界泳池，加勒比海特色BBQ，享免税店接驳服务,http://m.tuniucdn.com/fb2/t1/G2/M00/80/9C/Cii-T1fo1mOIJt7IADD_CmMUvbMAACxswCA9a0AMP8i668_w320_h180_c1_t0.jpg,自助游,常规自助,95,8754,7.7万,上海,,花椒同款  三亚湾  一线海景五星酒店  距机场8min  交通便利,5,"['海滨/岛屿', '海滨/近海滩', '五星/豪华']",途牛国旅
210054962,<海南三亚亚龙湾-蜈支洲-天涯双飞5日游>破5万人出游0购物，全程连住五星国光豪生等酒店，蜈支洲专用通道免排队，享奔驰商务车接机，南山祈福品质首选,http://m.tuniucdn.com/fb2/t1/G2/M00/C3/E6/Cii-T1h4ZomIC8bdAAl7e-BScBQAAGvNgK3Nb0ACXuT580_w320_h180_c1_t0.jpg,跟团游,常规跟团,97,1.1万,5.9万,上海,三亚,一线海边酒店 奔驰车接机 海岛热销线 亲子蜜月  纯玩0购物  可升海景房 蜈支洲专用通道免排队,5,"['海滨/岛屿', '无自费', '纯玩无购物']",牛人专线
210055982,<海南三亚亚龙湾-天堂-蜈支洲-南山天涯双飞5日游>错峰爆款0购物+三亚湾一线海景房+1分钟到沙滩+蜈支洲上下岛免排队+奔驰接机+1晚可升喜来登享海鲜自助,http://m.tuniucdn.com/fb2/t1/G1/M00/49/77/Cii9EFh8kqSIHctRAAUAglo4sckAAG_ywHsROEABQCa278_w320_h180_c1_t0.jpg,跟团游,常规跟团,96,9106,4.8万,上海,三亚,唯爱蜜月游  WIFI覆盖 全程海景房 蜈支洲岛5H 纯玩0购物,5,"['海滨/岛屿', '纯玩无购物', '有自由活动']",牛人专线
210599057,"[端午]<海南三亚金茂希尔顿双飞3-8日自由行>亚龙湾五星一线海景酒店，东南亚风格庭院，宽阔私人阳台,换购惊喜福袋，畅玩室内外大型儿童乐园",http://m.tuniucdn.com/fb2/t1/G5/M00/81/0F/Cii-s1qecxSIBqRcAEe59jYc7WUAAD8PAGkaGMAR7oO744_w320_h180_c1_t0.jpg,自助游,常规自助,96,220,2285,上海,,高端休闲 亚龙湾一线 品牌酒店,5,"['亲子酒店', '亚龙湾区域', '五星/豪华']",途牛国旅
210598502,[端午]<海南三亚天域度假酒店双飞3-8日自由行>臻选亚龙湾五星一线海景酒店，观萌宠乐园，玩乐水世界，紧邻百花谷商业街，人气亲子优选,http://m.tuniucdn.com/fb2/t1/G2/M00/0D/7A/Cii-T1guosSIVcdTACca0-g4c9UAAEiHAAAAAAAJxrr461_w320_h180_c1_t0.jpg,自助游,常规自助,97,3063,3.7万,上海,,亲子优选 亚龙湾一线 五星海景酒店 爸爸回来了同款,5,"['亲子酒店', '亚龙湾区域', '五星/豪华']",途牛国旅
210050844,<海南-三亚双飞5日游>自营0购物，18年新升级，连住红树林/国光/网红康年Conifer，屋顶无边际泳池，探秘亚特兰蒂斯，蜈支洲VIP通道免排队，万人出游,http://m.tuniucdn.com/fb2/t1/G4/M00/6C/9B/Cii-VVnLcjuIXHkQABLUWSrs7R8AABqiAJhoLUAEtRx346_w320_h180_c1_t0.jpg,跟团游,常规跟团,96,6671,3.5万,上海,三亚,度假亲子蜜月 蜈支洲一整天 纯玩0购物 ,5,"['海滨/岛屿', '纯玩无购物', '有自由活动']",途牛国旅
210057325,[端午]<海南三亚亚龙湾半自助双飞5日游>纯玩0购物，优选品牌酒店不挪窝，可升国际五星住宿，2天跟团必玩景点，蜈支洲专用通道免排队，充足FREE,http://m.tuniucdn.com/fb2/t1/G1/M00/5C/EB/Cii9EFcEc8mIbdKIAA6LkqpSuTMAAC8nQJqWSMADouq615_w320_h180_c1_t0.jpg,跟团游,半自助,94,1087,6464,上海,三亚,优势酒店资源 亲子蜜月游 省心海岛游 享椰风海韵  含2日游 媲美自助游,5,"['海滨/岛屿', '无自费', '纯玩无购物']",牛人专线
210053266,<海南三亚亚龙湾-蜈支洲双飞5日游>酒店自选温德姆/喜来登/洲际/万豪国际五星品牌，丰盛自助早餐，万人出游0购物，蜈支洲VIP通道免排队，1元换购欢迎礼,http://m.tuniucdn.com/fb2/t1/G2/M00/A1/77/Cii-T1f4gbuIKOL8AAUFwCpsnFMAADJcAIzHNsABQXY182_w320_h180_c1_t0.jpg,跟团游,常规跟团,96,1.2万,6.0万,上海,三亚,国际五星酒店 专属明星导游 海岛畅销线 亲子蜜月 纯玩0购物  可升海景房,5,"['海滨/岛屿', '纯玩无购物', '有自由活动']",牛人专线
210598860,[端午]<海南三亚海居铂尔曼双飞3-8日自由行>三亚湾一线海景酒店，毗邻于椰梦长廊，专属通道直达海滩,http://m.tuniucdn.com/fb2/t1/G2/M00/17/58/Cii-TFeZnVuIKFXrAEzc_xkpfe8AAAiXgHqgJYATN0X485_w320_h180_c1_t0.jpg,自助游,常规自助,97,1040,5918,上海,,私家地下通道 一线海景 法国酒店集团,5,"['海滨/岛屿', '三亚湾区域', '五星/豪华']",途牛国旅
210598913,[端午]<海南三亚亚龙湾迎宾馆双飞3-8日自由行>纯白希腊风，尊享海底餐厅，650平室内儿童活动中心，换购惊喜福袋，畅游3000平七彩幻彩泳池,http://m.tuniucdn.com/fb2/t1/G2/M00/0D/84/Cii-T1gupKaISxWFABMgBC0GGpQAAEiJwASrl4AEyAc607_w320_h180_c1_t0.jpg,自助游,常规自助,94,128,1404,上海,,亚龙湾中心 亲子度假酒店 海底餐厅 儿童特权 幻彩泳池,4,"['亲子酒店', '亚龙湾区域', '五星/豪华']",途牛国旅
210053393,[端午]<海南三亚-蜈支洲-亚龙湾-天堂双飞4日游>0购销冠14万人出游，臻选180海景/亲子红树林/五星天通等连住，蜈支洲免排队，tuniu金牌导游，24H接送机,http://m.tuniucdn.com/fb2/t1/G3/M00/18/6C/Cii_NllQ2uKILMsZAAl6wx0zuAMAABqZAOndHMACXrb663_w320_h180_c1_t0.jpg,跟团游,常规跟团,96,3.2万,14.9万,上海,三亚,牛人年度爆款 TOP5景点 亲子蜜月纯玩 精选180海景 可升五星 超值海岛品质游,5,"['海滨/岛屿', '纯玩无购物']",牛人专线
210598599,[端午]<海南三亚亚龙湾美高梅度假酒店双飞3-8日自由行>亚龙湾一线海景酒店，畅玩泡泡岛水上乐园和彩色泡泡派对，纵情M秀娱乐,http://m.tuniucdn.com/fb2/t1/G5/M00/38/BE/Cii-s1pYQzWIT2XrABIo0ChfxGAAACH9gFf7vMAEijo568_w320_h180_c1_t0.jpg,自助游,常规自助,96,1481,1.8万,上海,,一线海景 时尚浪漫 活力奢华 享受时光,5,"['海滨/岛屿', '亚龙湾区域', '五星/豪华']",途牛国旅
210056272,<海南三亚-蜈支洲-南山双飞5日游>五星甄选，全程连住国际五星希尔顿/红树林，加1元可换购88元下午茶，含366元舌尖美食餐，吃海鲜逛千古情，高品质首选,http://m.tuniucdn.com/fb2/t1/G5/M00/96/BE/Cii-tFqx62SICxfjACPNHi2d2ZUAAEh6QO7Ud8AI802183_w320_h180_c1_t0.png,跟团游,常规跟团,95,626,3509,上海,三亚,,5,"['美食', '有自由活动']",牛人专线
210600127,"[端午]<海南三亚丽禾温德姆酒店双飞3-8日自由行>国际品牌温德姆，现代滨海热带园林，美式风情的池畔BBQ，享受2500平室外泳池,赏落日美景",http://m.tuniucdn.com/fb2/t1/G2/M00/A1/77/Cii-T1f4gbuIKOL8AAUFwCpsnFMAADJcAIzHNsABQXY182_w320_h180_c1_t0.jpg,自助游,常规自助,96,110,966,上海,,三亚湾 国际品牌 亲子 设计感,5,"['海滨/岛屿', '近市区', '五星/豪华']",途牛国旅
210051760,[端午]<海南三亚-蜈支洲-亚龙湾双飞6日游>0购爆款8万人出游，臻选180海景/亲子红树林/五星天通等连住，蜈支洲VIP免排队，tuniu金牌导游，24H接送机,http://m.tuniucdn.com/fb2/t1/G1/M00/B7/8C/Cii-U1jUvTiIK96vAAl6wx0zuAMAAJFMwHAs7kACXrb313_w320_h180_c1_t0.jpg,跟团游,半跟团,95,1.9万,8.7万,上海,三亚,自营爆款  蜈支洲嗨玩一整天  TOP5精华景点 途牛金牌导游 纯玩品质专享,5,"['海滨/岛屿', '有自由活动', '纯玩无购物']",牛人专线
210052578,<海南三亚-蜈支洲-南山双飞5日游>自营美食爆款，2晚希尔顿/红树林+2晚海边独栋别墅，含216元海鲜大餐，蜈支洲VIP免排队 ，一生必去千古情,http://m.tuniucdn.com/fb2/t1/G2/M00/15/3F/Cii-TleXRCqIX-clAAnl5bTSDWsAAAfAQBRg2oACeX9665_w320_h180_c1_t0.jpg,跟团游,常规跟团,93,5152,2.3万,上海,三亚,爆款冰点价  别墅 海鲜  国际五星希尔顿  性价比超高,4,"['美食', '有自由活动', '无自费']",牛人专线
210177038,[端午]<海南三亚国光豪生双飞5日自由行>臻选三亚湾国际五星一线海景酒店，畅游4500平水世界泳池，加勒比海特色BBQ，享免税店接驳服务,http://m.tuniucdn.com/fb2/t1/G2/M00/14/49/Cii-T1ij-fGIUhL8ADJXZdlTg1cAAHMnQCfimAAMld9984_w320_h180_c1_t0.jpg,自助游,常规自助,96,8147,7.1万,上海,,花椒同款  三亚湾  一线海景五星酒店  距机场8min  交通便利,5,['三亚湾区域'],途牛国旅
210598759,[端午]<海南三亚山海天万豪酒店双飞3-8日自由行>臻选大东海国际五星海景酒店，900平大型儿童俱乐部，畅游无边泳池，人气亲子优选,http://m.tuniucdn.com/fb2/t1/G4/M00/DE/05/Cii_J1oOuPGIHwlGAAyVTEh8qD0AADZ6AEC-ZoADJVk759_w320_h180_c1_t0.JPG,自助游,常规自助,98,84,799,上海,,,5,"['海滨/岛屿', '大小东海区域', '五星/豪华']",途牛国旅
210598623,[端午]<海南三亚海韵酒店双飞3-8日自由行>三亚湾一线海景酒店，体验真人CS场地，趣味攀岩滑索，主题儿童餐厅，玩转水上闯关项目,http://m.tuniucdn.com/fb2/t1/G1/M00/4D/8E/Cii9EFh_HXaIGXwqABGa2ugKjRwAAHCTQEQr6cAEZry330_w320_h180_c1_t0.jpg,自助游,常规自助,96,423,3649,上海,,三亚湾   一线海景   靠近海滩   私家通道,5,"['海滨/岛屿', '三亚湾区域', '五星/豪华']",途牛国旅
210600956,[端午]<海南三亚亚龙湾红树林度假酒店3-8日自由行>一线海景碧海金沙，浓郁的巴厘岛热带风情，紧邻百花谷商业街，人气亲子酒店,http://m.tuniucdn.com/fb2/t1/G2/M00/35/41/Cii-Tli-YpqIQ-F8ABhhOZaA0OoAAILywEozv4AGGFR451_w320_h180_c1_t0.jpg,自助游,常规自助,95,302,2827,上海,,亚龙湾 巴厘岛热带风情 儿童游乐室 水疗中心,5,"['亲子酒店', '亚龙湾区域', '五星/豪华']",途牛国旅
210073199,[端午]<海南三亚-蜈支洲-亚龙湾双飞5日游>恋恋双湾，甄选2晚三亚湾/大东海酒店，2晚亚龙湾住宿，2天跟团必玩景点，畅享完美假期,http://m.tuniucdn.com/fb2/t1/G2/M00/41/1D/Cii-Tle1idGIJlNeABWNXE1gwO8AABYRwJnZKYAFY10709_w320_h180_c1_t0.jpg,跟团游,半自助,94,1107,6567,上海,三亚,优势酒店资源 亲子蜜月游 省心海岛游 享椰风海韵 含2日游 媲美自助游,5,"['海滨/岛屿', '纯玩无购物', '有自由活动']",牛人专线
210599133,<海南三亚爱琴海精品套房度假酒店双飞3-8日自由行>亚龙湾一线海景，特色居家式套房设计，度假美食无忧,http://m.tuniucdn.com/fb2/t1/G2/M00/79/94/Cii-T1fknmWIN4unAAKX4Yj7fAoAACs4AOskScAApf5773_w320_h180_c1_t0.jpg,自助游,常规自助,95,346,2474,上海,,亚龙湾 一线海景 依傍青山 家庭度假,5,"['海滨/岛屿', '亚龙湾区域', '五星/豪华']",途牛国旅
210598474,[端午]<海南三亚大东海嘉宾国际双飞3-8日自由行>加勒比风情院落，专属儿童乐园，万家灯火海鲜BBQ烧烤，限量换购惊喜福袋，尊享沙滩往返接驳,http://m.tuniucdn.com/fb2/t1/G2/M00/04/69/Cii-TFeDUaOIVwYAAA_87pmWzt8AAAF5wBIuXQAD_0G652_w320_h180_c1_t0.jpg,自助游,常规自助,93,926,6940,上海,,大东海   花园式酒店  融入自然 半山览海 交通便捷,4,"['海滨/岛屿', '大小东海区域', '四星/高档']",途牛国旅
210053480,<海南三亚亚龙湾-蜈支洲双飞6日游>酒店自选温德姆/喜来登/洲际/万豪国际五星品牌，丰盛自助早餐，万人出游0购物，蜈支洲VIP通道免排队，1元换购欢迎礼,http://m.tuniucdn.com/fb2/t1/G1/M00/A5/2B/Cii9EFaPb4uIDoCAADD_CmMUvbMAABYCgAAAAAAMP8i191_w320_h180_c1_t0.jpg,跟团游,半跟团,97,9596,5.0万,上海,三亚,国际五星酒店 专属明星导游 海岛畅销线 亲子蜜月 纯玩0购物  可升海景房,5,"['海滨/岛屿', '无自费', '纯玩无购物']",牛人专线
210056070,<海南三亚亚龙湾-天堂-蜈支洲-南山天涯双飞6日游>错峰爆款0购物+全程三亚湾一线海景房+1分钟到沙滩+奔驰商务车接机+蜈支洲上下岛免排队,http://m.tuniucdn.com/fb2/t1/G1/M00/B6/13/Cii9EFcxRqSIFLK_AAfdcx_LruAAAFWzwOAEZ0AB92L30_w320_h180_c1_t0.jpeg,跟团游,半跟团,96,5522,2.8万,上海,三亚,暑期大促 5晚连住国际品牌 可选海景房 度假亲子蜜月 0购物 纯玩,5,"['海滨/岛屿', '纯玩无购物', '有自由活动']",牛人专线
210112469,<海南三亚双飞5日游>自营0购物，18年新升级，4晚连住大卫180海景房，探秘亚特兰蒂斯，蜈支洲VIP通道免排队,http://m.tuniucdn.com/fb2/t1/G5/M00/76/78/Cii-slqUwceIaowpAAseJgHjW5QAADsrQN0pNAACx4-367_w320_h180_c1_t0.jpg,跟团游,常规跟团,96,4512,2.6万,上海,三亚,蜈支洲一整天 品四大名菜 天堂森林公园 一线海景 海立方海景房 亚特兰蒂斯 ,5,"['海滨/岛屿', '纯玩无购物']",途牛国旅
210056353,[端午]<海南三亚-蜈支洲半自助双飞6日游>媲美自助+优势品牌酒店自选+2天跟团+纯玩0购+24h接送机+蜈支洲vip免排队,http://m.tuniucdn.com/fb2/t1/G1/M00/83/AE/Cii9EVin9maIDzKOACFrbtW9LNYAAHlNgB_Gs4AIWuG853_w320_h180_c1_t0.jpg,跟团游,半自助,96,2291,1.3万,上海,三亚,自营爆款  蜈支洲VIP通道免排队  蜜月亲子纯玩 海岛热门线 自由假期专享,5,"['海滨/岛屿', '有自由活动', '纯玩无购物']",牛人专线
210600536,[端午]<海南三亚湾红树林度假世界双飞3-8日自由行>木棉/椰林/棕榈王国/大王棕/皇后棕五大酒店任选，亚马逊水上乐园，探险王国，尽享一站式度假服务,http://m.tuniucdn.com/fb2/t1/G2/M00/3C/89/Cii-T1exg1CIbzk9AAI4N1Xac5kAABPPgNcuAIAAjhP102_w320_h180_c1_t0.jpg,自助游,常规自助,91,96,808,上海,,三亚湾 度假世界 椰梦长廊,2,"['海滨/岛屿', '近景点/景区内', '五星/豪华']",途牛国旅
210051136,<海南三亚-蜈支洲岛半自助双飞5日游>万人出游0购物，优选国际五星温德姆等，可升180海景，蜈支洲专用通道免排队，南山祈福，24H奔驰接机,http://m.tuniucdn.com/fb2/t1/G3/M00/5A/A6/Cii_Lll4c7iIPZ2VAAX9I1LQK9kAAFLpAGxahAABf07895_w320_h180_c1_t0.jpg,跟团游,半自助,95,2800,1.3万,上海,三亚,0购物 度假亲子蜜月 海岛游 免税店 蜈支洲岛 南山天涯,5,"['海滨/岛屿', '纯玩无购物', '有自由活动']",牛人专线
210598350,[端午]<海南三亚国光豪生双飞3-8日自由行>臻选三亚湾国际五星一线海景酒店，畅游4500平水世界泳池，加勒比海特色BBQ，享免税店接驳服务,http://m.tuniucdn.com/fb2/t1/G2/M00/80/9C/Cii-T1fo1mOIJt7IADD_CmMUvbMAACxswCA9a0AMP8i668_w320_h180_c1_t0.jpg,自助游,常规自助,95,8754,7.7万,上海,,花椒同款  三亚湾  一线海景五星酒店  距机场8min  交通便利,5,"['海滨/岛屿', '海滨/近海滩', '五星/豪华']",途牛国旅
210599057,"[端午]<海南三亚金茂希尔顿双飞3-8日自由行>亚龙湾五星一线海景酒店，东南亚风格庭院，宽阔私人阳台,换购惊喜福袋，畅玩室内外大型儿童乐园",http://m.tuniucdn.com/fb2/t1/G5/M00/81/0F/Cii-s1qecxSIBqRcAEe59jYc7WUAAD8PAGkaGMAR7oO744_w320_h180_c1_t0.jpg,自助游,常规自助,96,220,2285,上海,,高端休闲 亚龙湾一线 品牌酒店,5,"['亲子酒店', '亚龙湾区域', '五星/豪华']",途牛国旅
210598502,[端午]<海南三亚天域度假酒店双飞3-8日自由行>臻选亚龙湾五星一线海景酒店，观萌宠乐园，玩乐水世界，紧邻百花谷商业街，人气亲子优选,http://m.tuniucdn.com/fb2/t1/G2/M00/0D/7A/Cii-T1guosSIVcdTACca0-g4c9UAAEiHAAAAAAAJxrr461_w320_h180_c1_t0.jpg,自助游,常规自助,97,3063,3.7万,上海,,亲子优选 亚龙湾一线 五星海景酒店 爸爸回来了同款,5,"['亲子酒店', '亚龙湾区域', '五星/豪华']",途牛国旅
210598860,[端午]<海南三亚海居铂尔曼双飞3-8日自由行>三亚湾一线海景酒店，毗邻于椰梦长廊，专属通道直达海滩,http://m.tuniucdn.com/fb2/t1/G2/M00/17/58/Cii-TFeZnVuIKFXrAEzc_xkpfe8AAAiXgHqgJYATN0X485_w320_h180_c1_t0.jpg,自助游,常规自助,97,1040,5918,上海,,私家地下通道 一线海景 法国酒店集团,5,"['海滨/岛屿', '三亚湾区域', '五星/豪华']",途牛国旅
210598913,[端午]<海南三亚亚龙湾迎宾馆双飞3-8日自由行>纯白希腊风，尊享海底餐厅，650平室内儿童活动中心，换购惊喜福袋，畅游3000平七彩幻彩泳池,http://m.tuniucdn.com/fb2/t1/G2/M00/0D/84/Cii-T1gupKaISxWFABMgBC0GGpQAAEiJwASrl4AEyAc607_w320_h180_c1_t0.jpg,自助游,常规自助,94,128,1404,上海,,亚龙湾中心 亲子度假酒店 海底餐厅 儿童特权 幻彩泳池,4,"['亲子酒店', '亚龙湾区域', '五星/豪华']",途牛国旅
210598599,[端午]<海南三亚亚龙湾美高梅度假酒店双飞3-8日自由行>亚龙湾一线海景酒店，畅玩泡泡岛水上乐园和彩色泡泡派对，纵情M秀娱乐,http://m.tuniucdn.com/fb2/t1/G5/M00/38/BE/Cii-s1pYQzWIT2XrABIo0ChfxGAAACH9gFf7vMAEijo568_w320_h180_c1_t0.jpg,自助游,常规自助,96,1481,1.8万,上海,,一线海景 时尚浪漫 活力奢华 享受时光,5,"['海滨/岛屿', '亚龙湾区域', '五星/豪华']",途牛国旅
210600127,"[端午]<海南三亚丽禾温德姆酒店双飞3-8日自由行>国际品牌温德姆，现代滨海热带园林，美式风情的池畔BBQ，享受2500平室外泳池,赏落日美景",http://m.tuniucdn.com/fb2/t1/G2/M00/A1/77/Cii-T1f4gbuIKOL8AAUFwCpsnFMAADJcAIzHNsABQXY182_w320_h180_c1_t0.jpg,自助游,常规自助,96,110,966,上海,,三亚湾 国际品牌 亲子 设计感,5,"['海滨/岛屿', '近市区', '五星/豪华']",途牛国旅
210177038,[端午]<海南三亚国光豪生双飞5日自由行>臻选三亚湾国际五星一线海景酒店，畅游4500平水世界泳池，加勒比海特色BBQ，享免税店接驳服务,http://m.tuniucdn.com/fb2/t1/G2/M00/14/49/Cii-T1ij-fGIUhL8ADJXZdlTg1cAAHMnQCfimAAMld9984_w320_h180_c1_t0.jpg,自助游,常规自助,96,8147,7.1万,上海,,花椒同款  三亚湾  一线海景五星酒店  距机场8min  交通便利,5,['三亚湾区域'],途牛国旅
210598759,[端午]<海南三亚山海天万豪酒店双飞3-8日自由行>臻选大东海国际五星海景酒店，900平大型儿童俱乐部，畅游无边泳池，人气亲子优选,http://m.tuniucdn.com/fb2/t1/G4/M00/DE/05/Cii_J1oOuPGIHwlGAAyVTEh8qD0AADZ6AEC-ZoADJVk759_w320_h180_c1_t0.JPG,自助游,常规自助,98,84,799,上海,,,5,"['海滨/岛屿', '大小东海区域', '五星/豪华']",途牛国旅
210598623,[端午]<海南三亚海韵酒店双飞3-8日自由行>三亚湾一线海景酒店，体验真人CS场地，趣味攀岩滑索，主题儿童餐厅，玩转水上闯关项目,http://m.tuniucdn.com/fb2/t1/G1/M00/4D/8E/Cii9EFh_HXaIGXwqABGa2ugKjRwAAHCTQEQr6cAEZry330_w320_h180_c1_t0.jpg,自助游,常规自助,96,423,3649,上海,,三亚湾   一线海景   靠近海滩   私家通道,5,"['海滨/岛屿', '三亚湾区域', '五星/豪华']",途牛国旅
210600956,[端午]<海南三亚亚龙湾红树林度假酒店3-8日自由行>一线海景碧海金沙，浓郁的巴厘岛热带风情，紧邻百花谷商业街，人气亲子酒店,http://m.tuniucdn.com/fb2/t1/G2/M00/35/41/Cii-Tli-YpqIQ-F8ABhhOZaA0OoAAILywEozv4AGGFR451_w320_h180_c1_t0.jpg,自助游,常规自助,95,302,2827,上海,,亚龙湾 巴厘岛热带风情 儿童游乐室 水疗中心,5,"['亲子酒店', '亚龙湾区域', '五星/豪华']",途牛国旅
210599133,<海南三亚爱琴海精品套房度假酒店双飞3-8日自由行>亚龙湾一线海景，特色居家式套房设计，度假美食无忧,http://m.tuniucdn.com/fb2/t1/G2/M00/79/94/Cii-T1fknmWIN4unAAKX4Yj7fAoAACs4AOskScAApf5773_w320_h180_c1_t0.jpg,自助游,常规自助,95,346,2474,上海,,亚龙湾 一线海景 依傍青山 家庭度假,5,"['海滨/岛屿', '亚龙湾区域', '五星/豪华']",途牛国旅
210598474,[端午]<海南三亚大东海嘉宾国际双飞3-8日自由行>加勒比风情院落，专属儿童乐园，万家灯火海鲜BBQ烧烤，限量换购惊喜福袋，尊享沙滩往返接驳,http://m.tuniucdn.com/fb2/t1/G2/M00/04/69/Cii-TFeDUaOIVwYAAA_87pmWzt8AAAF5wBIuXQAD_0G652_w320_h180_c1_t0.jpg,自助游,常规自助,93,926,6940,上海,,大东海   花园式酒店  融入自然 半山览海 交通便捷,4,"['海滨/岛屿', '大小东海区域', '四星/高档']",途牛国旅
210600536,[端午]<海南三亚湾红树林度假世界双飞3-8日自由行>木棉/椰林/棕榈王国/大王棕/皇后棕五大酒店任选，亚马逊水上乐园，探险王国，尽享一站式度假服务,http://m.tuniucdn.com/fb2/t1/G2/M00/3C/89/Cii-T1exg1CIbzk9AAI4N1Xac5kAABPPgNcuAIAAjhP102_w320_h180_c1_t0.jpg,自助游,常规自助,91,96,808,上海,,三亚湾 度假世界 椰梦长廊,2,"['海滨/岛屿', '近景点/景区内', '五星/豪华']",途牛国旅
210599006,[端午]<海南三亚丽思卡尔顿度假酒店双飞3-8日自由行>5星产品推荐，坐落风光绚丽的亚龙湾畔，体验天然纯净的自然美景，享海滨私密时光,http://m.tuniucdn.com/fb2/t1/G2/M00/AE/F7/Cii-TFgAqCqISlXzAAz3nPVVlJ8AADYegJmXkgADPe0871_w320_h180_c1_t0.jpg,自助游,常规自助,97,310,2788,上海,,亚龙湾度假区 一线海景酒店 美食美景 亲子酒店,5,"['亲子酒店', '亚龙湾区域', '五星/豪华']",途牛国旅
210599167,[端午]<海南三亚亚龙湾万豪酒店双飞3-8日自由行>五星一线海景酒店，穿梭热带花园，漫步沙滩私享海滨之旅,http://m.tuniucdn.com/fb2/t1/G2/M00/1D/01/Cii-Tlg1BRKIXGIWABldtXY3m1IAAEs7QHhOlkAGV3N178_w320_h180_c1_t0.jpg,自助游,常规自助,96,508,3891,上海,,亚龙湾一线 万豪品牌,5,"['海滨/岛屿', '亚龙湾区域', '五星/豪华']",途牛国旅
210600581,<海南三亚胜意大酒店双飞3-8日自由行>一线海景，地处市区与三亚湾交接，交通便利，拥抱大海，漫步椰梦,http://m.tuniucdn.com/fb2/t1/G5/M00/09/3A/Cii-tFombHyIL45lAITlwYwqVyMAAAcbwAAAAAAhOXZ410_w320_h180_c1_t0.jpg,自助游,常规自助,97,181,938,上海,,三亚湾 一线海景 性价比高 椰梦长廊,5,"['海滨/岛屿', '三亚湾区域', '四星/高档']",途牛国旅
210598701,[端午]<海南三亚海棠湾喜来登酒店双飞3-8日自由行>遥望蜈支洲岛，携手踏浪海棠湾，看湛蓝海天一线,http://m.tuniucdn.com/fb2/t1/G2/M00/0D/66/Cii-T1gunneIXEApABGKV3dwGB0AAEiCgOOpJYAEYpv968_w320_h180_c1_t0.jpg,自助游,常规自助,93,165,1716,上海,,环境宜人 海棠湾一线 品质优选 亲子设施完善,4,"['亲子酒店', '海棠湾区域', '五星/豪华']",途牛国旅
210600125,<海南三亚亚龙湾铂尔曼酒店双飞3-8日自由行>特色泰式度假酒店，漫享海上时光,http://m.tuniucdn.com/fb2/t1/G1/M00/83/AE/Cii9EVin9niIP5QGABTxiCqPQdgAAHlNwD8QUYAFPGg723_w320_h180_c1_t0.jpg,自助游,常规自助,97,324,1273,上海,,东南亚风情 休闲度假 海滨风光 亲子酒店 浪漫情侣 精品酒店,5,"['海滨/岛屿', '亚龙湾区域', '五星/豪华']",途牛国旅
210177030,[端午]<海南三亚海居铂尔曼Pullman双飞5日自由行>三亚湾一线海景酒店，毗邻于椰梦长廊，专属通道直达海滩,http://m.tuniucdn.com/filebroker/cdn/res/c0/33/c033d387260b7018b6013234aa03e519_w320_h180_c1_t0.jpg,自助游,常规自助,97,938,5143,上海,,私家地下通道 一线海景 法国酒店集团,5,"['海滨/岛屿', '三亚湾区域', '五星/豪华']",途牛国旅
210223197,<海南三亚亚龙湾迎宾馆双飞5日自由行>尾货推荐，4晚豪华池景房，享海底餐厅，畅玩3000平幻彩泳池,http://m.tuniucdn.com/fb2/t1/G1/M00/E5/3C/Cii9EFdJPCSIYtS5ABalrSXZ-AcAAGNXgLuSsQAFqXF920_w320_h180_c1_t0.jpg,自助游,常规自助,100,4,38,上海,,亚龙湾  新开业酒店   科技感十足  海洋餐厅  电子水族馆,5,"['海滨/岛屿', '亚龙湾区域', '五星/豪华']",途牛国旅
210217953,<海南三亚嘉宾国际双飞5日自由行>尾货惠玩，连住4晚豪华山海居不挪窝，尊享24H专车服务,http://m.tuniucdn.com/fb2/t1/G2/M00/04/69/Cii-TFeDUaOIVwYAAA_87pmWzt8AAAF5wBIuXQAD_0G652_w320_h180_c1_t0.jpg,自助游,常规自助,93,85,669,上海,,天涯海角  南山文化苑,4,"['海滨/岛屿', '大小东海区域', '三星/舒适']",途牛国旅
210603969,[端午]<海南三亚海棠湾开维万达文华酒店双飞3-8日自由行>臻选东南亚风情一线海景酒店，参观木艺术馆，迷你高尔夫推杆果岭，划龙船体验水城威尼斯,http://m.tuniucdn.com/fb2/t1/G4/M00/4A/EA/Cii_J1m7oWWIFHA_AASNO-qLsMoAABQ0gLhNSEABI1T367_w320_h180_c1_t0.jpg,自助游,常规自助,94,195,1615,上海,,全新设施 超大草坪 贡多拉船,4,"['海滨/岛屿', '海棠湾区域', '五星/豪华']",途牛国旅
210177012,[端午]<海南三亚金茂希尔顿双飞5日自由行>五星亚龙湾一线海景酒店，东南亚风格庭院，宽阔私人阳台，换购惊喜福袋，畅玩室外大型儿童乐园,http://m.tuniucdn.com/fb2/t1/G2/M00/9E/2F/Cii-T1f1xS2IUjQWAAFjAlZA6N8AADFgQMETOkAAWMa213_w320_h180_c1_t0.jpg,自助游,常规自助,96,168,1446,上海,,高端休闲,5,"['海滨/岛屿', '亚龙湾区域', '五星/豪华']",途牛国旅
210600610,<海南三亚亚龙湾喜来登度假酒店双飞3-8日自由行>五星一线海景酒店，国际品牌，丰富活动，体验热带海滨度假方式,http://m.tuniucdn.com/fb2/t1/G2/M00/FC/36/Cii-TFglhMaIVyx4AAHbehQ_ru0AAEV-QOb9ocAAduS900_w320_h180_c1_t0.jpg,自助游,常规自助,96,184,1474,上海,,亚龙湾 喜来登 一线海景 五星,5,"['海滨/岛屿', '海滨/近海滩', '五星/豪华']",途牛国旅
210177109,[端午]<海南三亚海韵酒店双飞5日自由行>三亚湾一线海景酒店，体验真人CS场地，趣味攀岩滑索，主题儿童餐厅，玩转水上闯关项目,http://m.tuniucdn.com/fb2/t1/G1/M00/4D/8E/Cii9EFh_HXaIGXwqABGa2ugKjRwAAHCTQEQr6cAEZry330_w320_h180_c1_t0.jpg,自助游,常规自助,96,234,1894,上海,,价格优  三亚湾   一线海景    独特海洋主题   靠近海滩   连住享特惠,5,"['海滨/岛屿', '三亚湾区域', '五星/豪华']",途牛国旅
210604322,[端午]<海南三亚海棠湾亚特兰蒂斯度假酒店双飞3-8日自由行>1314间全海景客房高雅别致，无限畅玩水世界，探秘失落的水空间，尊享七星度假无限乐趣,http://m.tuniucdn.com/fb2/t1/G5/M00/BB/3A/Cii-slrQhfSIJJL0AAKeRHeWfasAAFkWgJ_BTUAAp5c765_w320_h180_c1_t0.JPG,自助游,常规自助,100,1,87,上海,,全海景客房 抖音网红 世界名厨主理的餐厅 淡水和海水游泳池 海洋生物展览 海豚互动,5,"['海滨/岛屿', '海棠湾区域', '五星/豪华']",途牛国旅
210598781,[端午]<海南三亚银泰阳光度假酒店双飞3-8日自由行游>大东海五星一线海景酒店，2万平方米热带私家园林，换购惊喜福袋，特色池畔烧烤晚宴,http://m.tuniucdn.com/fb2/t1/G4/M00/18/DB/Cii-VVmj19KIJyEbAAVhI67F_GkAAAgbgIARxkABWE7594_w320_h180_c1_t0.jpg,自助游,常规自助,96,517,4033,上海,,大东海 挂牌5星 私人泳池 出行方便 热带园林,5,"['亲子酒店', '大小东海区域', '五星/豪华']",途牛国旅
210600453,[端午]<海南三亚海棠湾艾迪逊酒店双飞3-8日自由行>非凡客房极简设计，专属私人海域畅游，悠享海洋度假,http://m.tuniucdn.com/fb2/t1/G5/M00/D2/BB/Cii-tFregbOICb-3ACT6ZmKQ7ywAAF-0gBErbcAJPp-659_w320_h180_c1_t0.jpg,自助游,常规自助,92,30,308,上海,,近三亚免税店  儿童乐园 养生冥想森林,4,"['海滨/岛屿', '海棠湾区域', '五星/豪华']",途牛国旅
210612022,<海南三亚康年酒店双飞3-8日自由行>三亚湾一线海景，步行2分钟至海滩，屋顶无边泳池，1200平儿童俱乐部，抖音精选,http://m.tuniucdn.com/fb2/t1/G5/M00/7B/F6/Cii-s1qZKgyIRijyABqfRMaRQ3UAAD0YAD0QrAAGp9c675_w320_h180_c1_t0.jpg,自助游,常规自助,100,3,57,上海,,屋顶无边泳池 三亚湾椰梦长廊 全新体验,5,"['海滨/岛屿', '三亚湾区域', '五星/豪华']",途牛国旅
210532486,<三亚国光豪生度假酒店3天2晚自由行酒店套餐>可增订池畔海鲜自助烧烤/感受浓郁度假风与黎族风情的结合/三亚租车业务/,http://m.tuniucdn.com/fb2/t1/G2/M00/14/49/Cii-T1ij-hqIA_kDABZPB4y8M0AAAHMngOmxYkAFk8f833_w320_h180_c1_t0.jpg,自驾游,常规自驾,100,7,89,上海,亚洲,天涯海角  三亚,5,"['近景点/景区内', '五星/豪华']",途牛国旅
210526747,<三亚南山迎宾馆2天1晚自由行>含双人南山寺首晚门票、抱佛脚、烧头香、抄经书、体验禅修活动等礼遇（108米海上观音 礼佛之旅）,http://m.tuniucdn.com/fb2/t1/G3/M00/10/8D/Cii_JVlLfoOIIkbQAAMgP_Ppxr8AABQ2QJX_xAAAyBX861_w320_h180_c1_t0.jpg,自驾游,常规自驾,100,2,6,上海,,上早课、抱佛脚、烧头香、抄心经,5,"['古迹遗址', '近景点/景区内', '四星/高档']",途牛国旅
210524955,<海南-三亚蜈支洲岛珊瑚酒店2天1晚自由行>精选房型，含双人往返门船票、享酒店免费定点穿梭巴士、（私人订制，最美情人岛）,http://m.tuniucdn.com/fb2/t1/G2/M00/27/B8/Cii-Tlei5WqIbUztADGGRRq6BcwAAAwhwHXzWcAMYZd256_w320_h180_c1_t0.jpg,自驾游,常规自驾,100,20,167,天津,亚洲,含双人往返门船票  享酒店免费定点穿梭巴士  私人订制  最美情人岛,5,"['海滨/岛屿', '近景点/景区内', '三亚湾区域', '五星/豪华']",途牛国旅
210463222,<海南三亚湾喜来登度假酒店3天2晚自由行>享私人沙滩， 畅游天涯海角/蜈支洲岛门票自选,http://m.tuniucdn.com/fb2/t1/G1/M00/1F/7E/Cii9EFkioYaISKi3ACYJmEnONZwAAKiBgLXHr4AJgmw219_w320_h180_c1_t0.jpg,自驾游,常规自驾,100,2,39,天津,亚洲,天涯海角   三亚 度假,5,"['海滨/岛屿', '喜来登', '近景点/景区内', '五星/豪华']",途牛国旅
210613144,<三亚千古情客栈2天1晚自由行酒景套餐>多种精选房型，自由选择，含双人早餐，三亚千古情一日游门票,http://m.tuniucdn.com/fb2/t1/G5/M00/80/BA/Cii-slqeQ2GIRhIjABMwmihqErgAAD7lQEUcGUAEzCy124_w320_h180_c1_t0.jpg,自驾游,常规自驾,100,2,31,,,三亚     千古情     亲子游  度假,2,"['民俗风情', '近市区', '四星/高档']",途牛国旅
210532281,<三亚国光豪生度假酒店2天1晚>可增订池畔海鲜自助烧烤/感受浓郁度假风与黎族风情的结合/三亚租车业务/,http://m.tuniucdn.com/fb2/t1/G2/M00/14/49/Cii-T1ij-hqIA_kDABZPB4y8M0AAAHMngOmxYkAFk8f833_w320_h180_c1_t0.jpg,自驾游,常规自驾,100,2,20,,亚洲,天涯海角,5,"['近景点/景区内', '五星/豪华']",途牛国旅
210616739,<三亚国光豪生度假酒店4天3晚>可增订池畔海鲜自助烧烤/感受浓郁度假风与黎族风情的结合/三亚租车业务/,http://m.tuniucdn.com/fb2/t1/G2/M00/14/49/Cii-T1ij-hqIA_kDABZPB4y8M0AAAHMngOmxYkAFk8f833_w320_h180_c1_t0.jpg,自驾游,常规自驾,100,1,6,,亚洲,天涯海角,5,"['近景点/景区内', '五星/豪华']",途牛国旅
210587584,<三亚国光豪生度假酒店6天5晚自由行酒店套餐>多种精选房型自由选择，感受浓郁度假风与黎族风情，可增订池畔海鲜自助烧烤等项目,http://m.tuniucdn.com/fb2/t1/G2/M00/14/49/Cii-T1ij-hqIA_kDABZPB4y8M0AAAHMngOmxYkAFk8f833_w320_h180_c1_t0.jpg,自驾游,常规自驾,100,1,2,,亚洲,天涯海角,5,"['亲子酒店', '近景点/景区内', '五星/豪华']",途牛国旅
210429554,<海南三亚海棠湾民生威斯汀度假酒店自驾3日游>亲子度假， 可选海星宝宝套餐/蜈支洲珊瑚礁潜水/拖伞/动感飞艇/摩托艇,http://m.tuniucdn.com/fb2/t1/G2/M00/0D/6C/Cii-T1gun0KIG1SOABJXyI-Uwh0AAEiDgH8BgEAElfg334_w320_h180_c1_t0.jpg,自驾游,常规自驾,100,1,2,广州,,亲子度假    海边        豪华酒店,5,[],途牛国旅
210362104,<双人报价-三亚亚龙湾美高梅度假酒店3天2晚自由行酒店套餐>春季重磅来袭，可选三亚天涯海角/三亚西岛/三亚南山文化旅游区门票,http://m.tuniucdn.com/fb2/t1/G5/M00/38/7F/Cii-tFpYGheICR5yABNr9TK3nF4AACG5gAFnogAE2wN383_w320_h180_c1_t0.jpg,自驾游,常规自驾,100,,,上海,亚洲,自驾自选，畅游天下,5,"['亲子酒店', '美高梅度假酒店', '亚龙湾区域', '五星/豪华']",途牛国旅
210587598,<三亚国光豪生度假酒店5天4晚>可增订池畔海鲜自助烧烤/感受浓郁度假风与黎族风情的结合/三亚租车业务/,http://m.tuniucdn.com/fb2/t1/G2/M00/14/49/Cii-T1ij-hqIA_kDABZPB4y8M0AAAHMngOmxYkAFk8f833_w320_h180_c1_t0.jpg,自驾游,常规自驾,100,,11,上海,亚洲,天涯海角,5,"['近景点/景区内', '五星/豪华']",途牛国旅
210629188,<海洋主题亚龙湾迎宾馆3天2晚自由行酒店套餐游>海底餐厅自助早，游船出海，浪漫亲子旅拍，赠海南当季时令水果礼盒一份,http://m.tuniucdn.com/fb2/t1/G5/M00/B7/30/Cii-tFrNzA6IQHDzAARYXx1bHOoAAFdkgIHoUsABFh3507_w320_h180_c1_t0.jpg,自驾游,常规自驾,100,,8,上海,,海洋主题 出海 旅拍 特色水果礼盒,5,[],途牛国旅
210362116,<双人报价-三亚自驾4日游>宿三亚亚龙湾美高梅度假酒店3晚 ，三亚千古情/三亚亚龙湾热带天堂森林公园门票任选,http://m.tuniucdn.com/fb2/t1/G5/M00/60/B9/Cii-tFp-mzCIRuy6AFWeM1IWl1kAADYngAAAAAAVZ5L479_w320_h180_c1_t0.jpg,自驾游,常规自驾,100,,13,北京,亚洲,自驾自选，畅游天下,5,[],途牛国旅
210634327,<双人报价-三亚喜来登度假酒店6天5晚自由行酒店套餐>享私人沙滩， 畅游三亚，欢度假期,http://m.tuniucdn.com/fb2/t1/G1/M00/B8/A1/Cii9EFcynVeIIdUUAAYBKH2v7XQAAFX5wDI_ZoABgFA24_w320_h180_c1_t0.jpeg,自驾游,常规自驾,100,,11,武汉,亚洲,自驾自选，畅游天下,5,"['亲子酒店', '喜来登', '三亚湾区域', '五星/豪华']",途牛国旅
210606714,<三亚山海天万豪酒店3-5日自由行酒店套餐>可选天天王国套餐，亲子体验王国活动，儿童乐园电影之夜，水上乐园嗨翻天,http://m.tuniucdn.com/fb2/t1/G5/M00/1B/E8/Cii-s1o8chmIJRzhAAu1VElWuFAAABIJQHhqBsAC7Vs067_w320_h180_c1_t0.jpg,自驾游,常规自驾,100,,3,上海,,度假 海南 三亚  亲子  度假酒店,5,"['万豪', '大小东海区域', '五星/豪华']",途牛国旅
210362105,<双人报价-三亚亚龙湾美高梅度假酒店自驾3日游>亚龙湾美高梅度假酒店2晚，房型自选，   玩转三亚,http://m.tuniucdn.com/fb2/t1/G5/M00/2F/A4/Cii-s1pPDaOIIoOfAA3tjQewJ-AAABsuwGESHoADe2l376_w320_h180_c1_t0.jpg,自驾游,常规自驾,100,,5,杭州,亚洲,自驾自选，畅游天下,5,[],途牛国旅
210362648,<双人报价-三亚自驾3日游>宿三亚亚龙湾人间天堂鸟巢度假村2晚 ，亚特兰蒂斯失落的空间水族馆/呀诺达雨林/三亚亚龙湾热带天堂森林公园等门票任选,http://m.tuniucdn.com/fb2/t1/G2/M00/11/53/Cii-TleRq1qIGL46ACALLOwVEq8AAAYtgGua5YAIAtE972_w320_h180_c1_t0.jpg,自驾游,常规自驾,100,,4,深圳,亚洲,自驾自选，畅游天下,5,[],途牛国旅
210600305,<三亚海棠湾香格里度假酒店2-4日自由行酒店套餐>静享海湾度假，亲子互动、竞技泳池、探险乐园，可选途牛专属接机,http://m.tuniucdn.com/fb2/t1/G2/M00/27/DC/Cii-Tlei8o6IVuLLADznBoTphHMAAAwtgATWz8APOce929_w320_h180_c1_t0.jpg,自驾游,常规自驾,100,,,上海,,海南    三亚  亲子度假,5,"['亲子酒店', '香格里拉酒店', '海棠湾区域', '五星/豪华']",途牛国旅
210606698,<三亚海棠湾理文索菲特酒店3-5日自由行酒店套餐>度假酒店精彩亲子活动嗨翻天，可选呀诺达 /天涯海角/南山寺/亚特兰蒂斯失落的空间水族馆门票或套餐票,http://m.tuniucdn.com/fb2/t1/G4/M00/E7/3C/Cii-VVoVQfiIEombABPMO1XxbOAAADjewLuZU8AE8xT435_w320_h180_c1_t0.jpg,自驾游,常规自驾,100,,,上海,,度假  三亚 亲子,5,"['海棠湾区域', '五星/豪华']",途牛国旅
210605215,<三亚胜意大酒店3-5日自由行酒店套餐游>高级阳光海景房，双早，潮玩旅拍，浪漫出海，免税店穿梭巴士，接或送机一次,http://m.tuniucdn.com/fb2/t1/G5/M00/56/1B/Cii-slp0KVaIXukyAAnBSxyHSJcAADDbAMM0f4ACcFj557_w320_h180_c1_t0.jpg,自驾游,常规自驾,100,,,上海,,休闲 出海 旅拍 三亚,5,"['亲子酒店', '三亚湾区域', '五星/豪华']",途牛国旅
210625115,<海南三亚湾喜来登度假酒店5天4晚自由行酒景套餐>享私人沙滩 畅游三亚，可选蜈支洲岛纯玩一日游，更多途牛租车，景点门票可选,http://m.tuniucdn.com/fb2/t1/G1/M00/1F/7E/Cii9EFkioYKIaJjNABPPSrUaRXEAAKiBgJrGnIAE89i483_w320_h180_c1_t0.jpg,自驾游,常规自驾,100,,,上海,,5天4晚 私人沙滩  门票自选,5,"['海滨/岛屿', '喜来登', '三亚湾区域', '五星/豪华']",途牛国旅
210629015,<三亚国光豪生度假酒店3天2晚自由行酒景套餐>亲子/蜜月度假，精选海景房任性选，可增订池畔海鲜自助烧烤/租车，感受浓郁度假风与黎族风情的结合,http://m.tuniucdn.com/fb2/t1/G2/M00/14/49/Cii-Tlij-geIajf9ACH0ks2bg70AAHMnQOXo30AIfSq620_w320_h180_c1_t0.jpg,自驾游,常规自驾,100,,,上海,亚洲,天涯海角,5,"['近景点/景区内', '五星/豪华']",途牛国旅
210632238,<三亚亚特兰蒂斯酒店4天3晚自由行酒店套餐>至尊海景房 双早，入住期间无限次免费畅游亚特兰蒂斯水世界和失落的空间水族馆，含60帆船体验一次（含2人）,http://m.tuniucdn.com/fb2/t1/G5/M00/C0/3F/Cii-slrUa46IPnfzAAKcL39-rk0AAFsmQEOl8sAApxH672_w320_h180_c1_t0.jpg,自驾游,常规自驾,100,,,上海,,休闲度假 游览水世界 帆船出海,5,['湖光山色'],途牛国旅
210600180,<海南三亚亚特兰蒂斯酒店2天1晚自由行酒店套餐>含双人自助早餐，双人无限次免费游览亚特兰蒂斯水世界和失落的空间水族馆，以及柏拉图大堂吧下午茶2位,http://m.tuniucdn.com/fb2/t1/G5/M00/3C/29/Cii-tFpcYgqISL5rAEk9MJylYzIAACU1ALOlG0AST1I720_w320_h180_c1_t0.png,自驾游,常规自驾,100,,,上海,,海南 三亚 度假酒店,5,"['亲子酒店', '海棠湾区域', '五星/豪华']",途牛国旅
210587916,<三亚海棠湾香格里拉自驾2日游>静享海湾度假，亲子互动、竞技泳池、探险乐园,http://m.tuniucdn.com/fb2/t1/G1/M00/7F/F3/Cii-U1ikI-WIJPSlAAJ_lG8D2W0AAHhDgJbqpAAAn-s805_w320_h180_c1_t0.jpg,自驾游,常规自驾,100,,,上海,,静享海湾，亲子互动、竞技泳池、探险乐园等着孩子,5,[],途牛国旅
210590058,<三亚维景国际3天2晚亲子私密假期游>挂牌五星住宿+亲子家庭旅拍+爱上出海游+酒店亲子项目+班车送机！,http://m.tuniucdn.com/fb2/t1/G5/M00/0C/5A/Cii-s1oqBwmISnQNACiGHiQU13AAAAkyAGhrPUAKIY2130_w320_h180_c1_t0.jpg,自驾游,常规自驾,100,,,上海,,亲子 情侣 别墅,5,"['亲子酒店', '亚龙湾区域', '五星/豪华']",途牛国旅
210589034,<三亚亚龙湾红树林度假酒店自驾5日游>亲子度假酒店，精选房型任选，可选呀诺达 /天涯海角/南山寺门票或套餐票,http://m.tuniucdn.com/fb2/t1/G1/M00/5C/40/Cii-U1iJiEGIT57GAFExJe20AXEAAHLGwOo1aYAUTE9865_w320_h180_c1_t0.jpg,自驾游,常规自驾,100,,,上海,,亲子度假         三亚        红树林五星酒店,5,"['亲子酒店', '红树林度假世界', '亚龙湾区域', '五星/豪华']",途牛国旅
210558183,"[端午]<三亚亚龙湾美高梅度假酒店4天3晚自由行酒景套餐>全家海滨度假,可选呀诺达 /天涯海角/亚特兰蒂斯失落的空间水族馆等门票或套餐票",http://m.tuniucdn.com/fb2/t1/G1/M00/51/69/Cii-U1iBnkuIU1chAAKrR8L0pgkAAHFZQCXwLQAAqtf046_w320_h180_c1_t0.JPG,自驾游,常规自驾,100,,,上海,,适合2岁以上 亲子酒店 海滨度假,5,"['亲子酒店', '美高梅度假酒店', '亚龙湾区域', '五星/豪华']",途牛国旅
210587363,<三亚嘉宾国际3天2晚自由行酒店套餐>亲子度假，多种精选房型可供选择，高性价比，多元景观,http://m.tuniucdn.com/fb2/t1/G2/M00/04/69/Cii-TFeDUaaIDBktABBNUPdftqIAAAF5wB0DTYAEE1o708_w320_h180_c1_t0.jpg,自驾游,常规自驾,100,,,上海,,亲子度假     高性价比   多元景观,5,"['亲子酒店', '大小东海区域']",途牛国旅
210625154,<三亚海韵度假酒店加理文索菲特4晚5日自驾游>一线海景，多种房型，度假首选，可选途牛租车，呀诺达纯玩一日游,http://m.tuniucdn.com/fb2/t1/G4/M00/E7/3C/Cii-VVoVQfiIEombABPMO1XxbOAAADjewLuZU8AE8xT435_w320_h180_c1_t0.jpg,自驾游,常规自驾,100,,,上海,,度假     亲子酒店       海边,4,"['亲子酒店', '海棠湾区域', '三亚湾区域', '五星/豪华']",途牛国旅
210468443,[端午]<泰国曼谷-芭堤雅-沙美岛6或7日游>万人出游，铁成团，1店1免税，1天自由活动，2晚湄南河畔华美达或同级，3晚泳池酒店，可选按摩2小时,http://m.tuniucdn.com/fb2/t1/G5/M00/00/FD/Cii-s1r9DmKIHWYLAJVSbX_UEe8AAG9VACm-lwAlVKF192_w320_h180_c1_t0.jpg,跟团游,半跟团,96,2645,1.2万,上海,上海,拳头产品 机位充足 首次出国推荐 爸妈乐无忧 探秘唐人街 夜市随心逛,4,"['城市观光', '有自由活动']",世界风情
210447855,<泰国曼谷-芭提雅-格兰岛机票+当地5晚7日游>途牛自营，轻享暹罗0购物，2晚五星私人沙滩GF或ZIGN海景房，招牌尚味Thai，20人小团，上海直飞,http://m.tuniucdn.com/fb2/t1/G4/M00/A3/6A/Cii_J1nociOISx-8ABRR7my0I1wAACXKwHBFV0AFFIG099_w320_h180_c1_t0.png,跟团游,半跟团,97,390,1898,上海,曼谷,泰国 曼谷 牛人专线 纯玩 0购物 私人沙滩酒店,4,"['美食', '纯玩无购物', '有自由活动']",牛人专线
210126105,<泰国-普吉岛5晚7日游>东航或吉祥直飞 0自费 2晚威斯汀海景房或同级 快艇PP岛含浮潜 VIP双体帆船 1天自由活动,http://m.tuniucdn.com/fb2/t1/G2/M00/52/C1/Cii-TlhNHVuIYALWAAY6TuqIRBgAAFZ5AIRhQgABjpm362_w320_h180_c1_t0.jpg,跟团游,半跟团,96,399,2001,上海,上海,双体游艇 攀牙湾 浮潜 骑大象 PP岛 帝王岛 ,5,['美食'],全景旅游
210140729,[端午]<泰国-曼谷-芭提雅7日游>万人出游经典热销，0自费1店1免税1天自由，90分钟泰式按摩，暹罗梦幻剧场，公主号畅饮，网红Amporn海鲜自助烧烤,http://m.tuniucdn.com/fb2/t1/G1/M00/44/D5/Cii9EVd6osyIaiWVAANXdDHxrnEAAG7JwN4PuMAA1eM206_w320_h180_c1_t0.jpg,跟团游,常规跟团,93,3278,1.7万,上海,上海,上海直飞 必玩景点全含 首次入泰必选,4,"['骑大象', '无自费', '有自由活动']",途牛国旅
210148453,"<泰国-普吉岛4晚6日游>上海直飞,1天Free,1晚椰子岛花园独栋别墅（含烛光晚餐）/1晚希尔顿/2晚无边泳池海景酒店，2次出海玩3个岛，网红餐厅，仅3店",http://m.tuniucdn.com/fb2/t1/G2/M00/32/51/Cii-TFeps7mIAEoPABvY_pNkP5QAAA_GwGl17MAG9kW177_w320_h180_c1_t0.png,跟团游,半跟团,93,347,1610,上海,上海,出海一日游 攀牙湾皮划艇 金佛寺祈福 和风料理 蜜月游 闺蜜欢乐游,2,"['海滨/岛屿', '有自由活动']",世界风情
210470668,<泰国清迈-清莱机票+当地4晚5日游>自营，轻享清城0购物，指定入住Eastin（毗邻商场及宁曼路），黑森林餐厅，黑白蓝三庙，夜间动物园，艾美自助餐,http://m.tuniucdn.com/fb2/t1/G5/M00/F9/D6/Cii-tFr4YDyIBcyYABfnVVht7u4AAGx4wEjBEYAF-dt552_w320_h180_c1_t0.PNG,跟团游,常规跟团,98,31,271,上海,清迈古城,纯玩购物 指定入住Eastin 清莱一日游,4,"['宗教祈福', '无自费']",牛人专线
210404147,<泰国-普吉岛6或7日游>3晚泳池别墅1晚海景房，1天Free， 网红大自然餐厅，海鲜市场，双岛双出海，骑大象，攀牙湾漂流，上海直飞,https://m.tuniucdn.com/fb2/t1/G5/M00/3D/4C/Cii-slpdcjKIPpr6AAXvKBTd9YUAACXRwPwhqQABe9A416_w320_h180_c1_t0.jpg,跟团游,半跟团,95,120,579,上海,南京,帆船出海垂钓 白天航班 火舞表演 ,4,['海滨/岛屿'],世界风情
210520775,<泰国清迈+清莱6日游>直飞 0购物 1天Free 3晚住宿升级 白蓝黑三庙 追忆小城故事，暑期升级清迈夜间动物园和清莱艾美自助午餐,http://m.tuniucdn.com/fb2/t1/G1/M00/12/72/Cii9EVdgz5CIEv8ZAAnQC-HWYZ4AAGjWgHN_6YACdAj767_w320_h180_c1_t0.jpg,跟团游,半跟团,94,25,202,上海,上海,一天自由活动 素贴山 白蓝双庙 长颈族村落 大象表演 ,3,"['民俗风情', '纯玩无购物']",全景旅游
210133784,<泰国-曼谷-芭提雅6或7日游>指定团期送签 升1晚五星酒店，观大皇宫，玩金沙岛，赏人妖秀，享泰按摩，泰美好放心游，上海直飞,http://m.tuniucdn.com/fb2/t1/G1/M00/7B/EF/Cii9EVigWFmIbujlABaPsSEMjSQAAHdNgGNp3kAFo_J624_w320_h180_c1_t0.JPG,跟团游,常规跟团,93,398,1987,上海,上海,超丰富景点 快艇金沙岛 公主号游船 送600自费 首次出国推荐 爸妈乐无忧 ,3,"['海滨/岛屿', '有自由活动']",世界风情
210439356,"<泰国-普吉岛4晚6日游>0自费,1天Free,直落普吉本岛,2晚万豪或威斯汀,2晚国际泳池别墅,2次出海（快艇大小PP岛含浮潜、帆船出海珍珠岛）SukkoSpa",https://m.tuniucdn.com/fb2/t1/G2/M00/42/28/Cii-Tle2rF-IJgLzAAymTRLsbjgAABbKwLcsikADKZl887_w320_h180_c1_t0.png,跟团游,常规跟团,93,362,1968,上海,上海,知名国五酒店 国际泳池别墅 双体帆船海钓 快艇PP岛 大堡礁浮潜 SPA ,5,['无自费'],东航国旅
210425472,[端午]<泰国曼谷-芭提雅-金沙岛-佛统5晚7日游>上海直飞，4晚豪华型酒店，1晚尊享佛统MIDA，1天free2站购物店3大不俗景点，可申蜜月布置,http://m.tuniucdn.com/fb2/t1/G5/M00/1C/1B/Cii-tFo8ljiIXIPzAAPrukp3HpgAABIrgGmnXwAA-vS758_w320_h180_c1_t0.jpg,跟团游,常规跟团,95,639,2633,上海,上海,蜜月布置 佛统 泰式古方指压按摩 亚洲夜市 佛统大夜市（安帕瓦水上市场）,5,"['宗教祈福', '有自由活动']",牛人专线
210593325,<泰国-普吉5晚7日游>0购物臻纯玩，连住3晚市区诺富特或巴东瑞士酒店，3岛双出海含浮潜，精油SPA，网红绿色氧吧餐厅，空中漫步 1天FREE,https://m.tuniucdn.com/fb2/t1/G5/M00/3D/4C/Cii-slpdciGIFqSXAAkratucHI4AACXRwL91gEACSuC378_w320_h180_c1_t0.jpg,跟团游,半跟团,92,277,1128,上海,上海,3晚市区酒店 精油SPA 3岛双出海 大自然餐厅 帝王岛浮潜 ,5,"['海滨/岛屿', '有自由活动', '纯玩无购物']",世界风情
210168359,<泰国曼谷芭提雅-沙美岛5晚6或7日游>真纯玩不购物，保证曼谷升级3晚五星酒店，沙美岛出海，玩转本地水上市场，中天海景餐厅,http://m.tuniucdn.com/fb2/t1/G3/M00/58/FA/Cii_Nll37gOIWT1TAAl7oHXH538AAFHrAI-6QwACXu4566_w320_h180_c1_t0.jpg,跟团游,半跟团,96,2388,8295,上海,上海,抢位要趁早 经典泰国游 首次泰国必选 纯玩慢享受 夜市随心逛 爸妈放心游 ,4,[],玩美假期
210137718,<新加坡-马来西亚-泰国10日游>3年出游4千人，吉隆坡指定入住2晚梳邦帝盛君豪酒店，自费自愿，含新马签证，畅游三国景点，上海往返,http://m.tuniucdn.com/filebroker/cdn/prd/35/b6/35b62a914b07d9309edac23a70b99c43_w320_h180_c1_t0.jpg,跟团游,常规跟团,91,964,4761,上海,上海,公主号 快艇金沙岛 船游湄南河 泰式古法按摩 水上清真寺,2,['海滨/岛屿'],世界风情
210568916,<泰国-新加坡-马来西亚10日游>五星泰航/港龙，含新马签证，泰国圣塔拉集团酒店，登421米吉隆坡塔，蓝珊瑚水族馆，自费自愿，畅游三国,http://m.tuniucdn.com/fb2/t1/G1/M00/36/10/Cii9EFZda5GIEqsmAAfae1tYybQAAAw8QHZNTcAB9qT294_w320_h180_c1_t0.jpg,跟团游,常规跟团,96,6,66,上海,上海,大皇宫玉佛寺 是拉差龙虎园 快艇金沙岛 美摩莎仙境 圣淘沙名胜 云顶高原 ,4,[],环球假期（上海）
210125488,<泰国清迈+清莱6日游>出游佳选，暑期享芒果糯米饭，白蓝双庙，长颈族村落，探秘金三角三国边境，乘船游湄公河，清莱段入住独栋别墅,http://m.tuniucdn.com/fb2/t1/G3/M00/3D/4B/Cii_NlloOiWIGLzrACR_BO30arAAADn9AFvV64AJH8c676_w320_h180_c1_t0.jpg,跟团游,常规跟团,97,183,1037,上海,上海,大象表演 素贴山 白蓝双庙 长颈族村落 ,3,[],全景旅游
210140095,"[端午]<泰国-普吉5晚7日游>上海直飞,2晚私人泳池独栋别墅,2晚万豪或同档次,快艇出海3岛含浮潜,幻多奇乐园，精油SPA,香格里拉海鲜大拼盘金枪鱼自助餐",https://m.tuniucdn.com/fb2/t1/G5/M00/3D/4C/Cii-tFpdcguIHU_AAAUZU5pojdIAACXRgG7ZuEABRlr413_w320_h180_c1_t0.jpg,跟团游,常规跟团,93,762,3491,上海,上海,快艇大小PP 帝王岛 幻多奇乐园 私人泳池 首次入泰推荐 闺蜜亲子优选,4,"['海滨/岛屿', '有自由活动']",世界风情
210492883,[端午]<泰国普吉岛-PP岛机票+当地5晚7日游>自营瑞享0购物，全程海边国五，招牌月亮餐厅，芭东千禧海鲜自助，海景骑象，ATV越野车，2天free，20人小团,http://m.tuniucdn.com/fb2/t1/G5/M00/DB/81/Cii-slrj4zWILBvTABkbE6lqrpMAAGLxwJa4CQAGRsr472_w320_h180_c1_t0.png,跟团游,半自助,100,17,191,上海,普吉,0购物0自费 招牌月亮餐厅 全程海边国五 江西冷海鲜自助餐 ATV越野车,5,"['海滨/岛屿', '有自由活动', '纯玩无购物']",牛人专线
210561493,[端午]<泰国曼谷-芭提雅机票+当地5晚6日游>纯玩不进店，全国出发，保证3晚五星酒店，沙美岛，摩天轮夜市，中天海景餐厅，24h微信管家,http://m.tuniucdn.com/fb2/t1/G1/M00/AF/1F/Cii9EFjPPD6IYKCIACMPXJgzDWEAAI-fQMS72EAIw90419_w320_h180_c1_t0.jpg,跟团游,常规跟团,97,675,2252,上海等地,曼谷,首次泰国必选 纯玩慢享受 经典泰国游 沙美岛出海 微信管家 ,4,"['海滨/岛屿', '有自由活动', '纯玩无购物']",桔子私家团
210574171,"<曼谷-芭提雅5晚6日游>东航白班直飞,绝无自费,1店1免税,泳池酒店,2晚海边GardenCliff,Tiffany人妖秀,市中心四面佛,考山路夜市",http://m.tuniucdn.com/fb2/t1/G1/M00/0F/73/Cii9EVdfXF-IJ2C8AANreqtM6sEAAGhvALB0M8AA2uS929_w320_h180_c1_t0.jpg,跟团游,常规跟团,96,12,88,上海,上海,泰式按摩 世贸广场 四面佛 考山路夜市,5,"['宗教祈福', '无自费']",环泰假期
210543880,[端午]<泰国曼谷-芭提雅机票+地接5晚7日游>2晚黄金地段华美达或同级，3晚海边泳池酒店，1站购物，快艇沙美岛，网红魔幻森林料理，机票自选,http://m.tuniucdn.com/fb2/t1/G5/M00/FB/50/Cii-tFr5ZeeIfc4LACKzaM2ylvAAAG0TAD2zj0AIrOA769_w320_h180_c1_t0.jpg,跟团游,半跟团,94,1318,6327,上海等地,曼谷,日游沙美岛 1天自由休闲 探秘唐人街 夜市随心逛 首次出国推荐 爸妈乐无忧 ,4,"['城市观光', '有自由活动']",世界风情
210567673,<泰国清迈-清莱机票+当地5晚6日游>轻享清城0购物，1天free，优先入住美萍酒店或苏瑞旺斯，邓丽君下午茶，美莎大象营，黑庙白庙，宁曼路小资风情街,http://m.tuniucdn.com/fb2/t1/G1/M00/31/DE/Cii9EVdw9h2Ie92uAAsv9dlANE0AAGxDQHPnLYACzAN80_w320_h180_c1_t0.jpeg,跟团游,常规跟团,94,21,195,上海,清迈古城,纯玩无购物,3,"['骑大象', '机场接/送', '无自费']",途牛国旅
210506290,<泰国曼谷-芭提雅-格兰岛机票+当地5晚6或7日游>途牛自营，轻享暹罗0购物，招牌尚味Thai，2晚私人沙滩五星GF或ZIGN海景房，20人小团，全国线,http://m.tuniucdn.com/fb2/t1/G5/M00/36/C7/Cii-s1pWLFyIeKT4AAHDDPm0klAAAB90gM1UAcAAcMk088_w320_h180_c1_t0.jpg,跟团游,半跟团,98,288,1286,上海,曼谷,纯玩无购物 2晚私人沙滩度假村 摩天轮河畔夜市 人妖秀,4,"['美食', '纯玩无购物', '有自由活动']",牛人专线
210621121,[端午]<泰国普吉岛-PP岛4晚6日半跟团游>途牛自营，椰风180度海景房0购物0自费，招牌月亮餐厅，芭东海鲜自助，海景骑象，ATV越野车，1天free，20人小团,http://m.tuniucdn.com/fb2/t1/G5/M00/DB/81/Cii-slrj40qITZp0ABKzmDocmuwAAGLxwND8f4AErOw712_w320_h180_c1_t0.png,跟团游,常规跟团,100,10,144,上海,普吉岛,,4,"['美食', '有自由活动', '纯玩无购物']",牛人专线
210574150,"[端午]<曼谷-芭提雅5晚6日游>邂逅沙美只住万豪(保证1晚沙美岛万豪),东航正班机,绝无自费1店1免税1天Free,1晚曼谷万豪或同档次,光怪陆离考山路夜市",http://m.tuniucdn.com/fb2/t1/G5/M00/01/47/Cii-slr9KruIEm1fACCcMARJjOIAAG9ugN4jxEAIJxI860_w320_h180_c1_t0.jpg,跟团游,半跟团,97,136,519,上海,上海,上海直飞 泰式按摩 ,5,"['海滨/岛屿', '有自由活动']",环泰假期
210135384,<泰国-曼谷-芭堤雅-普吉6晚8日游>上海直飞，赠送600元自费套餐，大小PP岛出海，热带水果园，泰式按摩1小时，可升5星空中贵族泰航,http://m.tuniucdn.com/fb2/t1/G2/M00/42/28/Cii-Tle2rF-IJgLzAAymTRLsbjgAABbKwLcsikADKZl887_w320_h180_c1_t0.png,跟团游,常规跟团,94,568,2362,上海,上海,大小PP岛 泰式按摩 神仙半岛 人妖表演 攀牙湾泛舟 ,4,"['购物血拼', '有自由活动']",世界风情
210587298,[端午]<泰国-曼谷-芭堤雅-沙美岛5晚6日机票+当地游>轻奢纯玩，0购物0自费，全程5星住宿，海豚表演，探秘唐人街，快艇沙美岛，微信管家,http://m.tuniucdn.com/fb2/t1/G5/M00/88/DE/Cii-s1qmHxCIJeO-AAePHN2HwJsAAEICQHutycAB480529_w320_h180_c1_t0.jpg,跟团游,常规跟团,99,32,176,上海,曼谷,快艇沙美岛 1免税 骑大象 海豚表演 ,2,"['宗教祈福', '纯玩无购物']",星空假期
210445954,<泰国-曼谷-芭堤雅7日游>真纯玩0购物0脱团费，曼谷充分自由活动，骑大象，快艇沙美岛，逛摩天轮夜市，上海直飞,http://m.tuniucdn.com/fb2/t1/G2/M00/73/16/Cii-TFfg5tCIC46lAAN_FSTLut8AACmYwORUnYAA38t559_w320_h180_c1_t0.jpg,跟团游,常规跟团,94,84,378,上海,上海,快艇白沙岛 0购物1免税 无购物 骑大象 海豚表演,5,"['海滨/岛屿', '有自由活动']",世界风情
210581312,<清迈-清莱5日游>亲子缤纷，0购物，享一天自由活动，夜游清迈动物园，游双龙寺，逛清迈古城，一次游两城，清莱赏黑白蓝三庙，享东航服务,http://m.tuniucdn.com/fb2/t1/G5/M00/FC/DA/Cii-slr6f_CIR1fXAC5TGnxnxTcAAG2tQEfZEEALlMy676_w320_h180_c1_t0.jpg,跟团游,常规跟团,96,21,154,上海,上海,清迈+清莱 黑白蓝三庙 夜间动物园 ,4,"['民俗风情', '纯玩无购物']",上航旅游
210168395,<泰国曼谷-芭提雅-沙美岛6或7日游>0自费，千人热销线路，沙美岛出海，逛皇宫、拜千佛，骑大象、76楼空中自助餐，与公主号人妖热舞,http://m.tuniucdn.com/fb2/t1/G1/M00/AA/0D/Cii9EVjLT9OIblJxACMPXJgzDWEAAI6dAGhvFAAIw90228_w320_h180_c1_t0.jpg,跟团游,常规跟团,95,343,1170,上海,上海,沙美岛出海 泰国经典游 0自费 夜市摩天轮 本地水上市场 热带水果餐,2,['城市观光'],暹罗风情
210598945,<普吉岛芭东海滩5-8日自由行>芭东热闹海滩，酒店精选，酒吧、商场、餐饮一条街，交通便利，丰富水上项目，超人气线路,http://m.tuniucdn.com/fb2/t1/G5/M00/10/49/Cii-s1ovcXmICUkrAGhqRu8kppEAAAtTgOVTZoAaGpe238_w320_h180_c1_t0.jpg,自助游,常规自助,93,4750,3.5万,上海等地,,芭东热闹海滩   酒吧一条街 水上项目应有尽有,2,"['海滨/岛屿', '巴东海滩']",途牛国旅
210599369,<普吉岛卡伦海滩5-8日自由行>海岸线绵长开阔，沙软水清，自然馈赠，水上活动日光浴，含Kingpower免税店+海景骑大象一日游，普吉初体验,http://m.tuniucdn.com/fb2/t1/G5/M00/23/BD/Cii-tFpDBBOIKTKYAItI4A2QM2gAABX2AAAAAAAi0j4874_w320_h180_c1_t0.jpg,自助游,常规自助,93,1512,1.0万,上海等地,,浪漫卡伦冲浪 品泰国美食,4,"['海滨/岛屿', '卡伦海滩']",途牛国旅
210599076,<清迈平日夜市区酒店5-7日自由行>初体验推荐，内含详细玩法，纯玩清迈古城，宁曼路，丛林飞跃，大象营，清莱黑白庙，行程酒店均可自选，全国出发,http://m.tuniucdn.com/fb2/t1/G4/M00/C5/3F/Cii_J1n_0o6AC0fvAQ1w3mODZWY354_w320_h180_c1_t0.jpg,自助游,常规自助,95,1444,9623,上海等地,,,3,"['民俗风情', '近景点/景区内']",途牛国旅
210601988,<普吉岛Katathani卡塔塔尼度假村5-8日自由行>紧邻卡塔观景台和波比恩市场，真正临海而居，蜜月选择，私人海滩，小象儿童俱乐部,http://m.tuniucdn.com/fb2/t1/G1/M00/BE/2A/Cii9EFjZ_52IYCvkAAriWq0gZZoAAJKsAOuSw8ACuJy407_w320_h180_c1_t0.jpg,自助游,常规自助,99,8,206,上海等地,,拥有私人海滩 真正临海而居,5,"['海滨/岛屿', '卡塔海滩', '全程国际五星']",途牛国旅
210601950,<普吉岛Hilton arcadia希尔顿度假酒店5-8日自由行>国际五星，花园景观，普吉初体验、美食之旅、离岛控、亲子游、海岛探险各种玩法，我们都有，等你来,http://m.tuniucdn.com/fb2/t1/G2/M00/73/69/Cii-TlhbK4GIayItAAj-przhGJ8AAF25gOaJZsACP6-559_w320_h180_c1_t0.jpg,自助游,常规自助,94,2366,2.0万,上海等地,,3座泳池畅游  热带花园风格 5星级酒店服务,4,"['海滨/岛屿', '海滨/近海滩', '全程国际五星']",途牛国旅
210601256,<普吉岛Millennium芭东千禧度假村5-8日自由行>位置便利，毗邻江西冷购物城，购物首选，酒吧一条街，班赞海鲜市场，室外泳池，SPA中心,http://m.tuniucdn.com/fb2/t1/G2/M00/78/F7/Cii-T1hc4GOISbyhAAsCJcERuv4AAF7-QFWW78ACwI9414_w320_h180_c1_t0.jpg,自助游,常规自助,93,718,4893,上海等地,,毗邻江西冷购物城  酒吧一条街,4,"['海滨/岛屿', '巴东海滩', '五星/豪华']",途牛国旅
210614865,<普吉岛Sunwing Kamala太阳之翼卡马拉海滩度假村5-8日自由行>花园景观，室外泳池水上滑梯，SPA中心，儿童游乐场、丰富娱乐活动，家庭亲子度假首选,http://m.tuniucdn.com/fb2/t1/G5/M00/86/3E/Cii-slqjPbqIYy1BAAFVRHbe7AcAAEEQgDeF-kAAVVc846_w320_h180_c1_t0.jpg,自助游,常规自助,97,93,1390,上海等地,,3座泳池畅游  热带花园风格 5星级酒店服务,4,"['海滨/岛屿', '海滨/近海滩', '四星/高档']",途牛国旅
210601451,<清迈LeMeridien艾美酒店5-7日自由行>亲子玩乐优选，小城市有大玩法，与大象零距离互动，探访神秘夜间动物园，挑战丛林飞跃，感受异国高等学府氛围,http://m.tuniucdn.com/fb2/t1/G1/M00/98/65/Cii9EFi7sYiIUx9FAAdHGVnWGh8AAIYGAM4UkUAB0cx981_w320_h180_c1_t0.jpg,自助游,常规自助,95,630,4354,上海等地,,,5,"['民俗风情', '近景点/景区内', '五星/豪华']",途牛国旅
210602106,<普吉岛Angsana Laguna乐古浪悦椿度假村5-8日自由行>私人沙滩，泰式风格，树屋儿童俱乐部，与国际小朋友共度假期，高尔夫球场尽情挥杆，提供中文服务,http://m.tuniucdn.com/fb2/t1/G2/M00/1E/14/Cii-Tlir016IHg7VAAhUJ5DRhuAAAHVIAKTz-wACFQ_171_w320_h180_c1_t0.jpg,自助游,常规自助,92,320,2061,上海等地,,近海滩 泰式与现代设施交互融合 独立儿童游泳池,4,"['海滨/岛屿', '海滨/近海滩', '全程国际五星']",途牛国旅
210601764,<普吉岛Thara Patong塔拉芭东海滩度假村5-8日自由行>临近海滩，中文服务，塔拉水疗和水上设施，家庭度假村，尊贵房型可入住2大2小,http://m.tuniucdn.com/fb2/t1/G5/M00/84/09/Cii-slqhCgaIFc-xAAP6_tufgk8AAEBFQK5secAA_sW764_w320_h180_c1_t0.jpg,自助游,常规自助,95,158,1035,上海等地,,中文服务 提供WIFI 家庭度假村 交通便利,3,['海滨/近海滩'],途牛国旅
210301210,<曼谷核心商圈-芭提雅海滨路区酒店5晚6或7日自由行>暑期早惠，先芭后曼，游大皇宫，杜拉拉水上市场，蒂芬妮人妖秀，全国出发,http://m.tuniucdn.com/fb2/t1/G2/M00/55/EB/Cii-T1fJR2uIVv5qAA3aC9unNWAAAB-5gFzaUgADdoj140_w320_h180_c1_t0.jpg,自助游,常规自助,90,215,1476,上海等地,,微笑国度 购物圣地 天使之城,3,"['购物血拼', '海滨/近海滩']",途牛国旅
210601506,<普吉岛Club Med地中海俱乐部5-8日自由行>一价全含，儿童俱乐部服务，针对不同年龄段的小朋友设计的儿童便利设施、迷你俱乐部、少年俱乐部,http://m.tuniucdn.com/fb2/t1/G5/M00/41/55/Cii-tFpgS5OIE3dLAAQVcpqg6SIAACiwwDzV4IABBWK557_w320_h180_c1_t0.jpg,自助游,常规自助,92,543,3326,上海等地,,私人海滩  传统泰式建筑装修  儿童俱乐部    水疗中心,3,"['海滨/岛屿', '卡塔海滩', '五星/豪华']",途牛国旅
210240035,<曼谷-华欣5晚6或7日自由行>1晚曼谷，3晚华欣，1晚曼谷,http://m.tuniucdn.com/filebroker/cdn/filebroker/cdn/res/d8/a6/d8a62426c27615605b49518c350c5997_w320_h180_c1_t0.jpg,自助游,常规自助,97,34,174,上海等地,,滨海小城  购物圣地 沙滩椰影,2,['温泉'],途牛国旅
210599868,<曼谷经典景区周边酒店5-9日自由行>近大皇宫，唐人街，考山路，湄南河畔等经典景区，酒店特具风格，美食小吃，河畔夜景，全国出发,http://m.tuniucdn.com/fb2/t1/G4/M00/C1/53/Cii_J1n8IVuIeg5dAM9YDyhCjsQAAC4DAAAAAAAz1gn947_w320_h180_c1_t0.jpg,自助游,常规自助,94,256,1405,上海等地,,,3,"['宗教祈福', '近景点/景区内']",途牛国旅
210353663,<普吉岛5-7日自由行>上海/南京出发，HO直飞往返，特价机票，可选无线流量happy卡，享DFS+骑大象一日游,http://m.tuniucdn.com/fb2/t1/G2/M00/5A/03/Cii-TlfNHbqIB6JOAArGd5kWxlkAACEhgErCvcACsaP118_w320_h180_c1_t0.jpg,自助游,常规自助,100,5,74,上海等地,,直飞航班 优质体验,2,"['美食', '巴东海滩']",途牛国旅
210239975,<曼谷-芭提雅全程高档型酒店5晚6或7日自由行>先芭后曼，高性价比，魅力暹罗，逛皇宫，拜千佛，骑大象，格兰岛出海，全国出发,http://m.tuniucdn.com/filebroker/cdn/olb/03/24/032470a86a7b044ad8f9b3e51fee192e_w320_h180_c1_t0.jpg,自助游,常规自助,93,224,2204,上海等地,,购物圣地 不眠之城 微笑国度,3,"['购物血拼', '近景点/景区内', '四星/高档']",途牛国旅
210601382,<普吉岛Andaman beach suites安达曼海滩套房酒店5-8日自由行>步行5分钟至海滩，芭东一线海景房，室外泳池，儿童专属俱乐部，提供客房无线网络,http://m.tuniucdn.com/fb2/t1/G2/M00/36/FC/Cii-TlhA4OiIMNGUAAJF47YHR7QAAFDQQK80JUAAkX7991_w320_h180_c1_t0.jpg,自助游,常规自助,93,939,6931,上海等地,,芭东海滩  芭东一线海景房  儿童专属俱乐部,3,"['海滨/岛屿', '巴东海滩', '四星/高档']",途牛国旅
210599897,<苏梅岛拉迈海滩5-8日自由行>苏梅岛第二大海滩，近祖父祖母石，海水透明纯净，宁静安逸，丰富水上运动，全国出发,http://m.tuniucdn.com/fb2/t1/G2/M00/3C/BE/Cii-TFexrD-IdVbfABIfgvgk3Q0AABPzgJDsFYAEh-a271_w320_h180_c1_t0.png,自助游,常规自助,94,56,411,上海等地,,苏梅岛第二大海滩   宁静安逸   丰富水上运动,2,"['海滨/岛屿', '海滨/近海滩']",途牛国旅
210599289,<清迈5-7日自由行>热卖特惠酒店多选，价廉屋美，性价比之选，说走就走，体验兰纳王国的独特文化历史，全国出发,http://m.tuniucdn.com/fb2/t1/G4/M00/C5/3F/Cii_J1n_0o6AC0fvAQ1w3mODZWY354_w320_h180_c1_t0.jpg,自助游,常规自助,95,50,451,上海等地,,,3,"['民俗风情', '三星/舒适']",途牛国旅
210244963,<曼谷-芭提雅特惠酒店5晚6或7日自由行>先芭后曼，屋美价廉，近商业闹市区，交通便捷，起价出游，说走就走，全国出发,http://m.tuniucdn.com/fb2/t1/G2/M00/41/B5/Cii-TlhGlBiIZQuWAAIVIBmDzK4AAFN6QHbAfQAAhU4280_w320_h180_c1_t0.jpg,自助游,常规自助,95,6,41,上海等地,,购物圣地 东方夏威夷 精选酒店,2,"['民俗风情', '近市区', '三星/舒适']",途牛国旅
210601742,<普吉岛The Charm Resort魅力度假村5-8日自由行>芭东海滩，绿荫环绕酒店餐厅，自然写意，楼顶无边海景泳池，设计时尚，房间内提供wifi,http://m.tuniucdn.com/fb2/t1/G2/M00/B4/C0/Cii-Tlhy76qIZMqoAAXd_QMTgEEAAGhXgHAskkABd4V627_w320_h180_c1_t0.jpg,自助游,常规自助,99,25,173,上海等地,,热闹芭东 楼顶无边海景泳池  设计时尚,4,"['海滨/岛屿', '近景点/景区内']",途牛国旅
210243639,<甲米5晚6或7日自由行>甲米本岛酒店任选，白沙，海水，棕榈树，体验潜水与攀岩，湛蓝清澈海水美不胜收，畅游魅力天堂半岛，转机直飞更多选择,http://m.tuniucdn.com/filebroker/cdn/filebroker/cdn/res/98/e5/98e58fcb49ff91ae94cf8c267c3f6026_w320_h180_c1_t0.png,自助游,常规自助,99,6,70,上海等地,,入住甲米本岛 甲米热闹海滩,2,"['水上运动', 'PP岛']",途牛国旅
210402262,<曼谷-象岛5晚6或7日自由行>中间3晚象岛，告别大众与拥挤，玩所不同，感受泰国的世外桃源,http://m.tuniucdn.com/fb2/t1/G4/M00/27/B5/Cii_J1mszL6INuS5AAe_zP_vec8AAAyjQAp_3MAB7_k506_w320_h180_c1_t0.jpg,自助游,常规自助,98,8,59,上海等地,,是一个真正的世外桃源和生态天堂,2,['海滨/岛屿'],途牛国旅
210601473,<普吉岛Orchid兰花度假村5-8日自由行>居家型度假村，细致贴心服务，池畔餐厅，儿童泳池和俱乐部，亲子线路推荐,http://m.tuniucdn.com/fb2/t1/G5/M00/FB/38/Cii-tFr5WhWIBziYAAKR6lF_kToAAG0HALUPZgAApIC449_w320_h180_c1_t0.jpg,自助游,常规自助,100,3,31,上海等地,,池畔餐厅  儿童泳池和俱乐部,3,"['海滨/岛屿', '卡伦海滩', '四星/高档']",途牛国旅
210601822,<曼谷Shangri-La香格里拉酒店5-9日自由行>湄南河畔，泰式风格丝绸与柚木装饰，贴心周到服务和个性化服务，一流的设施，全国出发,http://m.tuniucdn.com/fb2/t1/G5/M00/42/3F/Cii-slphU12IdOwPAAQHOgqEvbYAACkbgMMrWwABAdS720_w320_h180_c1_t0.jpg,自助游,常规自助,100,1,9,上海等地,,,5,"['宗教祈福', '五星/豪华']",途牛国旅
210301149,<芭提雅一地5晚6或7日自由行>全程入住芭提雅，尽享不夜城的魅力，全国出发,http://m.tuniucdn.com/filebroker/cdn/olb/2e/97/2e975b447f6d27d2370cc9a43851301f_w320_h180_c1_t0.jpg,自助游,常规自助,94,14,79,上海等地,,不夜之城 蒂芙尼人妖秀,2,['海滨/岛屿'],途牛国旅
210239927,<曼谷-芭提雅-普吉岛6晚8日自由行>2晚曼谷，2晚芭提雅，2晚普吉岛，曼进普出，玩转泰国,http://m.tuniucdn.com/filebroker/cdn/online/ed/80/ed805811_w320_h180_c1_t0.jpg,自助游,常规自助,100,3,23,上海等地,,购物圣地 海滨度假圣地 世外桃源 微笑国度,2,['购物血拼'],途牛国旅
210618321,"<普吉岛巴东+卡伦海滩+香港6晚7自由行>免港澳通行证,升级2晚五星千禧度假村,休闲卡伦2晚+繁华巴东2晚+魅力都市香港2晚",http://m.tuniucdn.com/fb2/t1/G1/M00/B4/F7/Cii9EFcwfmGIQa5IAAU-meltAwoAAFVqwEHTT0ABT6x39_w320_h180_c1_t0.jpeg,自助游,常规自助,100,,2,上海等地,,双海滩结合  酒店体验升级 交通无忧,2,"['海滨/岛屿', '巴东海滩', '香港转机']",途牛国旅
210520033,<普吉岛Centara Grand Beach盛泰澜卡伦海滩度假村4晚5或6日自由行>中葡建筑，面海客房，配阳台或露台，180度海景，水上乐园，儿童设施，水疗中心,http://m.tuniucdn.com/filebroker/cdn/filebroker/cdn/res/02/10/0210d871fd55581dffe89da123d3bb84_w320_h180_c1_t0.jpg,自助游,常规自助,100,,5,上海等地,,2010开业 拥有私人沙滩 儿童水上乐园 酒店全面海房,5,"['海滨/岛屿', '卡伦海滩', '五星/豪华']",途牛国旅
210602282,<清迈Chiang Roi 7 Days Inn七天阳光古城酒店5-7日自由行>坐落古城，提供中文服务，房间新而整洁，价格实惠，全国出发,http://m.tuniucdn.com/fb2/t1/G3/M00/75/2D/Cii_NlmGzI-IKFiwABfTka_3ghIAAGczAIBquwAF9Op578_w320_h180_c1_t0.jpg,自助游,常规自助,100,,1,上海等地,,,3,"['民俗风情', '近景点/景区内', '三星/舒适']",途牛国旅
210141104,<日本东京-富士山-京都-大阪6日游>97超高满意度半自助标杆 东京大阪2天自由活动 市区品质酒店连住位置极佳 1元换wifi及西瓜卡,http://m.tuniucdn.com/filebroker/cdn/olb/10/ac/10ac0e10764ee884555fb6e548edff7b_w320_h180_c1_t0.jpg,跟团游,半跟团,97,1321,5773,上海,上海,京阪2晚连住 各一天自由 住宿升级版 多种选择 升级指定酒店,4,"['购物血拼', '无自费', '有自由活动']",上海富士游
210132916,<日本富山-大阪-东京7或8日游>鼎魁元 暑假热卖 纯玩无购物 超万人出游 东阪各1天Free 市区酒店连住 北陆富山 含2万日币特色餐,http://m.tuniucdn.com/filebroker/cdn/prd/60/c2/60c20cac4dc236fe4f92d080545792e1_w320_h180_c1_t0.jpg,跟团游,半跟团,97,3587,1.8万,上海,上海,销量领先 日本畅游 宇奈月温泉乡 合掌部落 神鹿公园 ,4,"['温泉', '无自费', '有自由活动']",东瀛假期
210140588,<日本东京-富士山-大阪-京都6日游>暑期热卖 亲子 五星全日空 正航班大口岸 不走回头路 AB全跟团双古都 东京塔登塔 C东京2晚市区连住 一日私属 双温泉,http://m.tuniucdn.com/fb2/t1/G1/M00/40/10/Cii9EVZg-nKIY1qxAArQlWX6AzYAAA0bANolM4ACtCt927_w320_h180_c1_t0.jpg,跟团游,常规跟团,94,1539,6745,上海,上海,全日空 相扑锅 下午茶点心,3,"['温泉', '无自费']",新好游
210202999,<日本东京-富士山-大阪6日游>自营牛专 全程高档酒店 双点进出不绕路 A线轻奢 11000日元特色餐 BCD线 东阪双自由 东阪连住 EF特价东京1日自由,http://m.tuniucdn.com/fb2/t1/G2/M00/70/98/Cii-T1haId-IFMdYAAN5niz6Ts8AAF0pgMf6MUAA3m201_w320_h180_c1_t0.jpeg,跟团游,半跟团,96,525,2674,上海,上海,航班提前确认 餐食明确披露 住宿标准统一,5,"['温泉', '无自费']",牛人专线
210134425,<日本东京-京都-大阪7日游>牛人专线 轻奢系列 探访北陆秘境 体验江户风情 高性价比 全程高品质酒店  东京大阪自由活动 含11000日币特色餐 1元换WIFI,https://m.tuniucdn.com/fb2/t1/G2/M00/12/E2/Cii-TFgxCJeIfji7AAVw0A2IZC4AAEnlQAfxkwABXDo581_w320_h180_c1_t0.jpg,跟团游,半跟团,97,262,1723,上海,上海,中部深度 高端酒店 京阪双古都 大阪自由 特色温泉 和风日料,5,['民俗风情'],牛人专线
210133659,<日本东京-富士山-京都-大阪6或7日游>同类产品标杆 AC全含餐 一万二日币餐标 不带一分钱游日本 B高性价比 D全日空 EF一日私属 天皇度假村 和服体验,http://m.tuniucdn.com/filebroker/cdn/snc/80/e5/80e54f355e0f366f0d1c4e817d5a3652_w320_h180_c1_t0.jpg,跟团游,常规跟团,95,831,4770,上海,上海,爸妈放心游 品质酒店 儿童特惠 ,3,['城市观光'],全景旅游
210591407,<日本名古屋-大阪-京都-奈良-富士山-东京6日游>自营牛状元  双古都芳华 特色蟹料理 A线东京1天自由 保证1晚温泉体验 拒签全退 含WIFI,http://m.tuniucdn.com/fb2/t1/G1/M00/7F/79/Cii9EVij3iOID4MuAAgkGzwes7gAAHgigCAHSAACCQz924_w320_h180_c1_t0.jpg,跟团游,半跟团,94,969,4607,上海,上海,,2,"['温泉', '有自由活动', '无自费']",途牛国旅
210163372,<日本北海道5晚6日游>暑期预售 A线旭川函馆富良野 至美夜景花海 B线星野tomamu两晚连住， 自由活动 C线道东秘境探索 游览钏路湿原 D线留寿都度假村2晚,http://m.tuniucdn.com/fb2/t1/G5/M00/59/76/Cii-slp4C86ILnu6ABazAB9sCxYAADHngM3tNAAFrMY119_w320_h180_c1_t0.jpg,跟团游,常规跟团,96,188,1310,上海,上海,星野度假村 双温泉 函馆夜景 ,4,['有自由活动'],牛人专线
210509813,<日本东京-富士山-京都-大阪6或7日游>暑假热卖 双古都世遗巡游 1晚温泉体验 A线免费升级一晚高档型酒店 B线春航特价 1元换wifi,https://m.tuniucdn.com/fb2/t1/G2/M00/2B/DC/Cii-TFi25XiIOHqIAA-sM3tzWYIAAH2SQPWH00AD6xL235_w320_h180_c1_t0.jpg,跟团游,常规跟团,94,270,1625,上海,上海,乐享温泉美汤 赴日佳选 体验日式风情 半日自由活动 ,3,['温泉'],真旅行
210548696,<日本京都-奈良-大阪5或6日游>（暑假热卖 早定优惠）细品京都奈良双古都，大阪2天自由活动，市区酒店3晚连住，含司导，含接送，送WiFi,https://m.tuniucdn.com/fb2/t1/G2/M00/1A/82/Cii-TFgz6sGIOK6YADH8j4UzhDYAAErowC5VHgAMfyn977_w320_h180_c1_t0.JPG,跟团游,半跟团,100,140,659,上海,上海,销量领先 赴日佳选 体验日式风情 两天自由时间 市区酒店连住 ,3,"['城市观光', '有自由活动']",丽途假期
210454386,<日本东京-富士山-奈良-京都-大阪7日游>绝对值 纯玩无购物 全程宿高级别酒店 东京大阪2天自由活动AB线东京大阪点对点正班机不绕路,http://m.tuniucdn.com/fb2/t1/G4/M00/22/2F/Cii_J1mpIfuIJV8HAAva1OUKpxwAAArqgHeNi4AC9rs215_w320_h180_c1_t0.jpg,跟团游,半跟团,97,203,832,上海,上海,品质产品 豪华住宿 特色美食 优质航司 口碑优品 ,5,"['温泉', '无自费', '纯玩无购物']",上海富士游
210133083,<日本东京-富士山-京都-大阪5晚6日游>爸妈游人气款 三古都 京都奈良镰仓 用餐全含5天观光用车 赠上海机场住宿1晚,http://m.tuniucdn.com/fb2/t1/G4/M00/55/EB/Cii-VVnA31OIZj_bAC5XXcXb4UgAABYewHMrMYALld1830_w320_h180_c1_t0.jpg,跟团游,常规跟团,96,205,1210,上海,上海,赠机场住宿 暑期迪士尼 暑期环球影城 餐食全含 ,3,"['城市观光', '无自费']",万博假期
210495173,<日本东京-京都-大阪6日游>牛人专线轻奢系列 超高性价比 全程高品质酒店升级一晚四季汤 B线伊豆温泉 可升级一天自由活动 含10500日币特色餐 含wifi,http://m.tuniucdn.com/filebroker/cdn/olb/75/1d/751d0f15c3044de327b97b8f0889c312_w320_h180_c1_t0.jpg,跟团游,半跟团,98,338,1702,上海,上海,可配联运 日本和牛餐 相扑火锅 优秀领队,5,"['湖光山色', '无自费', '有自由活动']",牛人专线
210147812,<日本大阪-京都-奈良-北陆白川乡7日游>牛人专线 深度系列 大阪一天自由 市区酒店连住 童话白川乡 古街观光漫走 江户风情马笼宿 升级飞弹牛套餐,http://m.tuniucdn.com/fb2/t1/G5/M00/19/C0/Cii-s1o6GVyIZR20AAl-Mbeh5yIAABDZQL9OJcACX5J89_w320_h180_c1_t0.jpeg,跟团游,常规跟团,100,11,132,上海,上海,日式美汤 大阪自由活动 兼六园 惠那峡 马笼宿 飞弹牛套餐 ,4,"['温泉', '有自由活动']",牛人专线
210407232,<日本东京-大阪6或7日游>A东京1天自由 双古都探访北陆秘境 双温泉 B线超值6日升级一晚酒店 C暑期东京大阪自由 D线京都奈良镰仓三古都 暑期和服体验,http://m.tuniucdn.com/filebroker/cdn/online/2e/61/2e61862e_w320_h180_c1_t0.jpg,跟团游,半跟团,94,184,1053,上海,上海,京都奈良 双古都 双温泉 ,3,"['温泉', '无自费']",翔龙万里行
210137780,<日本北海道5或6日游>暑期预售 超千人出游，A线2晚温泉 薰衣草漫步 花田游车 戏羊驼 BC线全程只换1次酒店D线乘吊椅往返北星山 飞越花海 旭山动物园,https://m.tuniucdn.com/fb2/t1/G2/M00/C0/90/Cii-Tlh3OIyIRTy8AAmZ9sMychEAAGsQwEq4QMACZoO938_w320_h180_c1_t0.jpg,跟团游,常规跟团,95,468,3063,上海,上海,温泉 和服体验 星野度假村 ,2,"['温泉', '有自由活动']",
210136790,<日本东京-富士山-大阪6或7日游>暑期预售 A线独家大阪东京四日自由 市区酒店方便出游 玩足6整天时尽其用 BC北陆 镰仓 双古都特惠游,http://m.tuniucdn.com/filebroker/cdn/prd/7a/d4/7ad4740d7565130914a218b3826b00a4_w320_h180_c1_t0.jpg,跟团游,常规跟团,91,1892,1.1万,上海,上海,销量领先 赴日佳选 体验日式风情 半自助 指定市区酒店 ,3,['购物血拼'],丽途假期
210138673,<日本北海道5或6日游>高满意度 拒绝走马观花 A线札幌王子连住 美瑛青池 B线函馆夜景 C线留寿都度假村 四季彩之丘 D线道东知床八景 E线Club Med2晚连住,http://m.tuniucdn.com/fb2/t1/G1/M00/83/58/Cii9EVcYxgWICC9BAB2NKtN6d64AAD6dQBPK_8AHY1C567_w320_h180_c1_t0.jpg,跟团游,常规跟团,97,188,1165,上海,上海,滑雪度假村 日式温泉 迷情小樽 摄影之行 指定酒店 ,2,"['温泉', '有自由活动']",全景旅游
210124909,"<日本冲绳半自助5日游>高满意度 A线 2晚市区2晚海景 2天自由 邂逅古宇利岛,万座毛，赠水族馆接送 B线离岛一日游 1天自由活动 加299升级多签",http://m.tuniucdn.com/fb2/t1/G2/M00/DF/97/Cii-TlgW6i-IF4_QAA8w297jLI8AAECLABh_WkADzDz311_w320_h180_c1_t0.jpg,跟团游,半跟团,95,349,1928,上海,上海,2小时直飞 古宇利岛 冲绳DFS 1天自由活动 万座毛 水族馆 ,2,"['海滨/岛屿', '有自由活动']",天天商旅
210426895,<日本北海道5晚6日游>25人小团，A线2晚温泉，亲子旭川动物园，1日自由，BC线富良野薰衣草花海，美瑛四季之丘，C线高端住宿 2日自由，2晚星野度假村,http://m.tuniucdn.com/fb2/t1/G1/M00/B4/DC/Cii9EFcwcbCIZgZWAAkvDJiP1zkAAFVigK_IccACS8k08_w320_h180_c1_t0.jpeg,跟团游,常规跟团,99,25,207,上海,上海,度假村 一天自由活动 ,2,"['温泉', '有自由活动']",翔龙万里行
210140392,<日本北海道6或7日游>夏艳轻奢，A线一价全包，餐全含0自费，函馆夜景，3晚温泉 B线道东绝境7日、知床半岛 DE线Tomamu星野度假村2晚连住，札幌1天自由,http://m.tuniucdn.com/fb2/t1/G5/M00/D7/B6/Cii-tFrhgYmIXXEvAAmsnkPvgF8AAGFigKfu2kACay2121_w320_h180_c1_t0.JPG,跟团游,常规跟团,96,158,888,上海,上海,枫叶 海鲜 滑雪,2,"['温泉', '有自由活动']",
210126045,[端午]<日本九州5日游>福冈 别府 佐贺 爆款特惠 赏樱百选 A线深度双温泉 升级1晚酒店 探秘汤布院 博多运河城 奥特莱斯B线 梦幻紫藤 长崎1天私属,http://m.tuniucdn.com/fb2/t1/G5/M00/50/47/Cii-slpwHViIMwK7ABjx5nV3udYAAC8swCrsIMAGPH-891_w320_h180_c1_t0.jpg,跟团游,常规跟团,95,91,593,上海,上海,深度畅游北九州 双温泉 升级一晚酒店 正班机 ,2,"['温泉', '有自由活动']",上海巴士
210139855,<日本大阪-京都-富士山-东京5晚6日游>大阪进东京出不走回头路  早去晚回玩足6天 东京一天自由市区酒店连住 奥特莱斯,http://m.tuniucdn.com/filebroker/cdn/snc/43/c3/43c3959d6d970abca15ed3813deb8986_w320_h180_c1_t0.jpg,跟团游,常规跟团,95,92,602,上海,上海,东航正班机 东京一天自由 大阪半日自由 奥特莱斯购物 特色日式料理 双温泉 ,4,"['购物血拼', '无自费']",快乐假期
210409200,<日本大阪+京都+奈良+富士山+东京6日游>双古都推荐  AE线安心省力全跟团 BC线大阪一天自由活动 D线暑期亲子游加299元含迪士尼乐园门票,https://m.tuniucdn.com/fb2/t1/G2/M00/5C/74/Cii-TljZvOWINQSZAM8tBVPjpT4AAI1SQI3WLUAzy0d631_w320_h180_c1_t0.jpg,跟团游,常规跟团,93,94,394,上海,爱知县,银座 东航直飞 日式美汤 富士山,2,"['美食', '无自费']",天天商旅
210135835,<日本大阪-富士山-东京6日游>A升级万豪私汤 8000日币米其林2星 五千日币网红烧肉 B指定酒店 东阪两天自由 CE轻奢优选 东京自由 D暑期亲子上新,http://m.tuniucdn.com/fb2/t1/G1/M00/58/0F/Cii9EFZqVWKIdT2cAALK0orHUkYAAA8wQCtGUgAAsrq376_w320_h180_c1_t0.jpg,跟团游,半跟团,95,433,2420,上海,上海,多种选择 高端酒店 自由行程 ,5,"['温泉', '无自费']",全景旅游
210137189,<日本冲绳半自助5日游>纯玩无购物，亲子，2晚海边2晚市区，2天自由 独家安排半潜水观光船，含水族馆门票，居酒屋，石垣和牛烤肉，加99升级三年多签,http://m.tuniucdn.com/fb2/t1/G2/M00/7E/35/Cii-TFfncVuIWjefAAtfXDZAqvkAACwBwHyZ_MAC190706_w320_h180_c1_t0.jpg,跟团游,半跟团,97,28,217,上海,上海,半潜水观光 2天自由活动 ,4,"['海滨/岛屿', '有自由活动', '纯玩无购物']",众信旅游
210574934,<日本东京-富士山-京都-奈良-大阪6或7日游>工作党福音 少请一天假 A线双古都 升级一晚高档住宿 B线全程含餐 CD线御殿场奥莱尽享购物,https://m.tuniucdn.com/fb2/t1/G2/M00/1A/84/Cii-TFgz63yIGVkUAGBeTh3-XIMAAErpQL8RZIAYF5m048_w320_h180_c1_t0.JPG,跟团游,常规跟团,100,2,50,上海,上海,双古都 温泉 少请假 ,3,['城市观光'],真旅行
210123929,<日本冲绳半自助5日游>热卖 MU，1天自由活动，AB线2晚海景2晚市区，A线暑假亲子王国村 B线希腊风情村 海洋博公园，C线离岛一日游，加99超值价升级多签,http://m.tuniucdn.com/fb2/t1/G2/M00/2E/A7/Cii-Tli5B4iIdf3kAA2WGnhzEjIAAH8tgHBXy8ADZYy055_w320_h180_c1_t0.jpg,跟团游,半跟团,94,90,646,上海,上海,1天自由活动 两晚海边酒店 乐享购物 可升级三年签 ,2,"['海滨/岛屿', '有自由活动']",紫华假期
210135903,<日本东京6日或7日游>玩足5整日 东京三天自由 全程指定市区酒店池袋皇家 富士山一日舒适温泉  配司导 含接送,http://m.tuniucdn.com/filebroker/cdn/snc/a4/e5/a4e529ce75100736a0e1480f193c57be_w320_h180_c1_t0.jpg,跟团游,常规跟团,95,84,430,上海,上海,轻井泽深度游 温泉美汤 赏樱美景 ,3,[],天天商旅
210140243,<日本富山-大阪-东京7或8日游>纯玩 双温泉  东阪市区酒店连住 两天自由活动 童话白川 奈良萌鹿 京都蟹膳,http://m.tuniucdn.com/fb2/t1/G2/M00/F6/D8/Cii-T1giv6mIWTBwAAW6w-7xn_AAAERtwGcZ50ABbrb998_w320_h180_c1_t0.jpg,跟团游,半跟团,96,278,1413,上海,上海,品京都蟹膳 最美星巴克 ,4,"['温泉', '无自费']",东瀛假期
210600519,<日本大阪4-7日自由行>精选酒店集锦，逛古城，游环球影城，享接送机换购399起,http://m.tuniucdn.com/fb2/t1/G5/M00/48/E1/Cii-s1poTTSINYI7ABfS_MzFH5oAACyUwMfBOgAF9MU045_w320_h180_c1_t0.jpg,自助游,常规自助,96,856,6798,上海等地,,市区临地铁酒店 品质航空多选,3,"['购物血拼', '近市区']",途牛国旅
210240056,<日本大阪4晚5日自由行>明星产品，精选核心商圈酒店集锦，逛古城，游环球影城，邂逅夏日花火,http://m.tuniucdn.com/fb2/t1/G5/M00/4A/0B/Cii-s1pphiOICCvHAA4pPLrsgssAAC0EgGdoOkADilU862_w320_h180_c1_t0.jpg,自助游,常规自助,96,785,5999,上海,,市区临地铁酒店  品质航空  热推,5,"['购物血拼', '心斋桥/道顿堀']",途牛国旅
210225896,[中秋]<日本东京4晚5日自由行>明星产品，千人好评，浪漫东京湾游轮巡游部分团期仅需9块9,http://m.tuniucdn.com/fb2/t1/G4/M00/50/3D/Cii_J1m-TtWIdBpwAAsrtg22RdQAABURwPTSpcACyvO487_w320_h180_c1_t0.jpg,自助游,常规自助,95,2176,1.6万,上海,,18年东京区花火参考日期已出，市区临地铁酒店 购物商圈 现货产品,5,"['美食', '近购物中心', '免费WiFi']",途牛国旅
210228334,<日本大阪5晚6日自由行>宿核心商圈酒店，深度关西邂逅夏日花火，可订购拼车游前往京都/奈良,http://m.tuniucdn.com/fb2/t1/G5/M00/8A/3D/Cii-s1qnRqeIBg9wABZmLmqgY88AAELqQMI6JIAFmZG212_w320_h180_c1_t0.jpg,自助游,常规自助,96,154,1548,上海等地,,核心商圈酒店集锦 交通便捷,4,"['购物血拼', '三星/舒适']",途牛国旅
210240086,<日本东京5晚6日自由行>明星产品，自营接/送机199起，搭配核心舒适酒店，夏日祭，花火大会，给你一整个夏天的狂欢,http://m.tuniucdn.com/fb2/t1/G5/M00/D9/D5/Cii-tFri0i-ISqamABfYgiGRSU8AAGJqAAx3MkAF9ia995_w320_h180_c1_t0.JPG,自助游,常规自助,96,886,6837,上海,,市区临地铁酒店 购物商圈 现货产品,5,"['美食', '新宿区', '三星/舒适']",途牛国旅
210240714,<日本大阪5日自由行>单机票含WiFi，可加购签证，千元游日本，畅玩古城,http://m.tuniucdn.com/filebroker/cdn/snc/be/5f/be5f94ad220d618817248e4ec3832379_w320_h180_c1_t0.jpg,自助游,常规自助,96,205,2325,上海等地,,关西古城,2,['购物血拼'],途牛国旅
210502334,<日本京都-大阪6晚7日自由行>京都3晚大阪3晚，深度关西游，欣赏日式古都风采,http://m.tuniucdn.com/fb2/t1/G1/M00/06/B3/Cii9EVkQBXmIRLFuAAPcKOGbXhkAAKDXgPuh-wAA9xA144_w320_h180_c1_t0.png,自助游,常规自助,96,19,235,上海等地,,,2,['购物血拼'],途牛国旅
210240693,<日本大阪6晚7日自由行>连住大阪，精选核心商圈酒店，暑期热卖，花火之旅,http://m.tuniucdn.com/fb2/t1/G2/M00/6C/13/Cii-T1jkuXKICsJTAArOnSrDpm4AAJA5gGRFeIACs61173_w320_h180_c1_t0.jpg,自助游,常规自助,96,76,1251,上海,,寻找日式风情 品尝传统美食 大阪一地  玩转大阪  舒适之选,4,"['购物血拼', '梅田区', '三星/舒适']",途牛国旅
210600568,<日本东京4-7日自由行>新宿区酒店连住，核心地段，交通便利，出行无忧,http://m.tuniucdn.com/fb2/t1/G2/M00/13/D0/Cii-TlijwU2IMqtsACFd71nCAMEAAHMQwKmZX8AIV4H528_w320_h180_c1_t0.jpg,自助游,常规自助,96,1474,9587,上海,,购物商圈  交通枢纽,5,"['购物血拼', '近市区']",途牛国旅
210601402,<日本北海道4-7日自由行>札幌一地酒店连住，春湖夏花秋枫冬雪，享北国风情,http://m.tuniucdn.com/fb2/t1/G1/M00/93/C8/Cii9EVi3iASIeWVRABhi7cwzv_sAAIMsAMHUFwAGGMF039_w320_h180_c1_t0.jpg,自助游,常规自助,97,67,746,上海,,,4,"['温泉', '札幌', '免费WiFi']",途牛国旅
210240047,<日本大阪4晚5日自由行>宿心斋桥/难波舒适型酒店，食在道顿堀，购在心斋桥，近Orange Street小众潮牌街，购物优选,http://m.tuniucdn.com/fb2/t1/G4/M00/A5/A3/Cii-VVnprXqIJAtLAHijAa8FicsAACZLAJkoigAeKMZ861_w320_h180_c1_t0.jpg,自助游,常规自助,97,211,1302,上海等地,,寻找古都风情 品尝传统美食,2,"['购物血拼', '心斋桥/道顿堀', '三星/舒适']",途牛国旅
210600452,<日本大阪4-7日自由行>热门商圈舒适型精选酒店，游奈良京都，大阪逛吃购，经济游,http://m.tuniucdn.com/fb2/t1/G1/M00/99/99/Cii9EFi89s2IWsLWAB9zddEMdiMAAIbHgBK6V4AH3ON075_w320_h180_c1_t0.jpg,自助游,常规自助,90,4,87,上海等地,,热门商圈舒适型酒店 大阪经济游,3,"['购物血拼', '心斋桥/道顿堀', '三星/舒适']",途牛国旅
210569947,<日本冲绳4晚5日自由行>2晚海边+2晚市区，古宇利岛/水族馆，奥莱/DFS购物，恋恋冲绳,http://m.tuniucdn.com/fb2/t1/G1/M00/87/9E/Cii9EFaAlH6IaUsVADBh-3R1_MQAABKrAPFbGEAMGIT108_w320_h180_c1_t0.jpg,自助游,常规自助,94,16,223,上海等地,,东方夏威夷 可代办三年多次签,3,"['海滨/岛屿', '那霸']",途牛国旅
210541120,<日本大阪-东京7晚8日自由行>大阪3晚、东京4晚酒店住宿，吃货大阪、潮流东京，一路东瀛,http://m.tuniucdn.com/fb2/t1/G2/M00/B3/73/Cii-TFgEeqiIWLebACxqYsNauc4AADdtgGKT3sALGp6471_w320_h180_c1_t0.jpg,自助游,常规自助,90,22,233,上海,,,4,"['美食', '近市区']",途牛国旅
210241200,<日本东京6晚7日自由行>市区酒店6晚连住，自由搭配东京周边一日游，中文导游，上门接送，热门景点一网打尽,http://m.tuniucdn.com/fb2/t1/G5/M00/98/B7/Cii-slqzasmIPFGoALmshlmzgUwAAEl0QLawE0Auaye198_w320_h180_c1_t0.jpg,自助游,常规自助,96,82,681,上海,,繁华都市 时尚酒店  魅力化城市  舒适之选,2,"['购物血拼', '银座区']",途牛国旅
210251352,<日本东京5日自由行>机票+WIFI，只需一张机票，一颗说走就走的心，邂逅浪漫东京,http://m.tuniucdn.com/filebroker/cdn/snc/94/50/9450fdc8ea0b338b15ead0269ed7c0f2_w320_h180_c1_t0.jpg,自助游,常规自助,98,219,1622,上海,,买机票 赠WIFI,2,"['购物血拼', '免费WiFi']",途牛国旅
210240456,<日本京都-大阪4晚5日自由行>大阪京都1+1+2住法，省去旅途奔波，轻松出游，岚山小火车，清水寺古韵风情,http://m.tuniucdn.com/filebroker/cdn/online/78/7f/787fe7c6_w320_h180_c1_t0.jpg,自助游,常规自助,98,16,193,上海等地,,寻找古都风情 品尝传统美食,2,"['古迹遗址', '三星/舒适']",途牛国旅
210240113,<日本东京7晚8日自由行>7晚东京市区酒店连住，来场深刻的东京印象,http://m.tuniucdn.com/fb2/t1/G2/M00/93/D6/Cii-Tlhl8KaIbORjAE3bpXiwn1oAAGLpAHjQawATdu9004_w320_h180_c1_t0.jpg,自助游,常规自助,89,21,164,上海,,,2,"['购物血拼', '近市区']",途牛国旅
210227288,<日本大阪5晚6日自由行>深度关西，宿市区经济型酒店，初游首选，邂逅夏日花火,http://m.tuniucdn.com/filebroker/cdn/prd/ef/dc/efdc45b6f3bc33e2c9a699cc3a5356ae_w320_h180_c1_t0.jpg,自助游,常规自助,97,109,1155,上海,,深度关西 性价比,3,"['美食', '心斋桥/道顿堀', '三星/舒适']",途牛国旅
210241232,<日本东京新宿格兰贝尔Shinjuku Granbell4晚5日自由行>交通枢纽，专享折扣价格，爆款酒店推荐,http://m.tuniucdn.com/fb2/t1/G3/M00/54/18/Cii_Lll1bsqIRwKaAAg1kWYILhYAAE2ewNHLWUACDWp038_w320_h180_c1_t0.jpg,自助游,常规自助,98,10,55,上海,,东京现货畅游     格兰贝尔优质酒店,4,"['购物血拼', '近地铁', '四星/高档']",途牛国旅
210599937,<日本冲绳4-6日自由行>天数可选，全程那霸市区酒店，逛吃嗨翻琉球，另加149元起换购单次接/送机服务,http://m.tuniucdn.com/fb2/t1/G3/M00/44/27/Cii_JVlsUmuITCT1AE1aGpvnSrkAAD-pAB_iQsATVoy659_w320_h180_c1_t0.jpg,自助游,常规自助,97,451,4234,上海等地,,,3,"['海滨/岛屿', '那霸']",途牛国旅
210600693,<日本东京4-7日自由行>机票+签证，一张机票加一本签证，开启浪漫东京之旅大门,http://m.tuniucdn.com/fb2/t1/G4/M00/A9/B8/Cii_J1ntSzuIMcTbAIQCaBrN1CwAACdUwJU_wsAhAKA734_w320_h180_c1_t0.jpg,自助游,常规自助,97,659,4564,上海,,机票+签证,2,[],途牛国旅
210240040,<日本东京5日自由行>单机票，可代订签证，西瓜卡，迪士尼门票，一日游（中文导游），和服租借等,http://m.tuniucdn.com/fb2/t1/G1/M00/16/CA/Cii9EFbX7WGIS79uACKOBfNl1lAAACdywAAAAAAIo4d551_w320_h180_c1_t0.png,自助游,常规自助,97,659,4556,上海,,简化签证 行程自由搭配,2,"['购物血拼', '免费WiFi']",途牛国旅
210239352,<日本东京-大阪5晚6日自由行>3晚东京、2晚大阪市区酒店，关东到关西，带你品读日本古今的变化,http://m.tuniucdn.com/filebroker/cdn/olb/e2/ea/e2ea2bf6df1d63aeb015cd8b53d13e7e_w320_h180_c1_t0.jpg,自助游,常规自助,97,26,187,上海,,酒店精选，日本两大都市，购物游玩两不误,4,"['古迹遗址', '近购物中心']",途牛国旅
210240852,<日本冲绳4晚5日自由行>亲子酒店优选，尽享家庭时光，可代办三年多次签证，可加149元起换购单程专车接送机服务，省时省力省心游,http://m.tuniucdn.com/fb2/t1/G1/M00/88/AD/Cii9EVitLXyIBxUpAA3YMidBOjYAAHsigMTUo8ADdhK486_w320_h180_c1_t0.jpg,自助游,常规自助,97,138,1904,上海,,,2,"['美食', '那霸', '三星/舒适']",途牛国旅
210242046,<日本北海道5晚6日自由行>5晚札幌市区连住，北国春夏赏花，冬季滑雪，Rera奥莱扫货,http://m.tuniucdn.com/fb2/t1/G2/M00/2C/5A/Cii-Tli3iBuIYiT8ABnSdvoyUpQAAH4GQGjdzoAGdKO393_w320_h180_c1_t0.jpg,自助游,常规自助,98,28,315,上海等地,,,2,['札幌'],途牛国旅
210241341,<日本冲绳4晚5日自由行>冲绳蓝之旅，全程海边品质酒店，亲子之选,http://m.tuniucdn.com/fb2/t1/G1/M00/CB/04/Cii9EValuGaIO7T-ADGRxynlIvcAABn1gAAYqgAMZHf035_w320_h180_c1_t0.jpg,自助游,常规自助,92,103,820,上海,,,2,"['海滨/岛屿', '五星/豪华']",途牛国旅
210464977,<日本京都-大阪5晚6日自由行>2晚京都+3晚大阪，可搭配关西周游券JR自在出游，盛夏花火，一期一会,http://m.tuniucdn.com/fb2/t1/G4/M00/A5/6E/Cii-VVnpny6IFJ4aAOocsrCJVugAACY8gCE8KIA6hzK267_w320_h180_c1_t0.jpg,自助游,常规自助,96,74,550,上海等地,,市区附近临地铁酒店 春秋直飞 热推线路,2,"['心斋桥/道顿堀', '三星/舒适', '免费WiFi']",途牛国旅
210610335,<日本福冈4-9日自由行>单机票，畅游九州，可代办签证,http://m.tuniucdn.com/fb2/t1/G1/M00/B9/0B/Cii9EVcyxj6Ie-HNAAn-_TWYZj0AAFYKgA7tL4ACf8V20_w320_h180_c1_t0.jpeg,自助游,常规自助,99,48,382,上海,,福冈一地单机票,2,"['湖光山色', '免费WiFi']",途牛国旅
210600554,<日本冲绳4-6天自由行>行程天数可变，全程海边酒店，静享碧海蓝天,http://m.tuniucdn.com/fb2/t1/G1/M00/B8/B3/Cii9EFcyop6ICLqOAAfbDpSQq4kAAFX8gJLQCIAB9sm96_w320_h180_c1_t0.jpeg,自助游,常规自助,89,78,611,上海,,,3,"['海滨/岛屿', '海滨/近海滩', '免费WiFi']",途牛国旅
210609887,"<上海迪士尼乐园火车2-6日自由行>宿上海迪士尼度假区内酒店,可加订1日/2日乐园联票,途牛专享酒店特惠，限量抢购，走进梦幻城堡，开启童话之旅",http://m.tuniucdn.com/fb2/t1/G1/M00/30/7B/Cii9EFdwhLqIQ5vYAEMtTsgzJK0AAGwawIKE2oAQy1m661_w320_h180_c1_t0.JPG,自助游,常规自助,97,509,4585,上海,,迪士尼乐园 亲子活动 自由活动,5,"['主题乐园', '近购物中心']",途牛国旅
210458162,<上海迪士尼1日自由行>迪士尼1日门票/星空票自选（可玩到闭园）可选特惠代金餐券 巴士接驳  部分不退不改 付款前请确认所选票种,http://m.tuniucdn.com/fb2/t1/G2/M00/B6/86/Cii-T1katMKIddP8ABE4ifjvQEIAAJ4kwIAPWEAETih53_w320_h180_c1_t0.jpeg,自助游,常规自助,92,684,1.5万,上海,,,2,['主题乐园'],途牛国旅
210620146,<上海迪士尼2日自由行>1日/ 2日门票/星空票自选，含代金餐券（不可外带食品，园内餐饮必备），可选巴士景点接驳 部分票种不退不改 下单请确认所选票种,http://m.tuniucdn.com/fb2/t1/G2/M00/B6/86/Cii-T1katMKIddP8ABE4ifjvQEIAAJ4kwIAPWEAETih53_w320_h180_c1_t0.jpeg,自助游,常规自助,99,83,405,上海,,,2,['城市观光'],途牛国旅
210536476,<上海迪士尼乐园2日巴士自由行>宿上海玩具总动员/迪士尼乐园酒店， 1日/ 2日门票/星空票和巴士接驳自选 ， 可选代金餐券,http://m.tuniucdn.com/fb2/t1/G2/M00/1E/61/Cii-Tlg1ZeyIceybACGwwS3KUgsAAEuAwH22kwAIbDZ882_w320_h180_c1_t0.jpg,自助游,常规自助,84,4,76,上海,,,4,"['城市观光', '近景点/景区内', '五星/豪华']",途牛国旅
210157365,<上海高铁4日自由行>高铁往返，时尚之都，感受夜景外滩之旅,http://m.tuniucdn.com/filebroker/cdn/online/25/0d/250d5137_w320_h180_c1_t0.jpg,自助游,常规自助,95,16,137,上海,,酒店任选  繁华都市  高铁出游  低碳环保,4,"['动植物园', '近景点/景区内', '五星/豪华']",途牛国旅
210593591,<上海迪士尼1日巴士自由行>含迪士尼1日票/星空票 任选 可选特惠餐券 可选杭州往返巴士（仅周末/节日班）,http://m.tuniucdn.com/fb2/t1/G2/M00/22/04/Cii-Tlg2kRCIITFSACNr44stqsoAAEzpgDGbMYAI2v7550_w320_h180_c1_t0.jpg,自助游,常规自助,100,22,512,杭州,,杭州巴士直达（可选）,2,['主题乐园'],途牛国旅
210616806,"<上海迪士尼2日巴士自由行>含2次入园票 （可玩到闭园）,可选特惠代金餐券 ,可整包6座别克 南京往返",http://m.tuniucdn.com/fb2/t1/G3/M00/75/44/Cii_NlmG1p-II-KPAAoOojs6WqQAAGc7gGun7QACg66500_w320_h180_c1_t0.jpg,自助游,常规自助,100,,141,南京,,,2,['主题乐园'],途牛国旅
210596836,<上海柏思特酒店1晚>免费班车接送迪士尼 不一样的体验,http://m.tuniucdn.com/fb2/t1/G1/M00/25/85/Cii9EVdqVgqIaIOpACFToUXLQuQAAGrtADpTZ4AIVO5834_w320_h180_c1_t0.jpg,自助游,度假酒店,80,1,14,,,上海柏思特酒店  上海迪士尼,0,[],途牛国旅
210610450,"<上海迪士尼火车2-6日自由行>宿上海迪士尼度假区酒店,含2日乐园门票,途牛专享酒店特惠，限量抢购，快来开启梦幻旅程",http://m.tuniucdn.com/fb2/t1/G1/M00/82/C3/Cii-U1imyPeIR4cuADAhB9kLrgwAAHkOQFh2eYAMCEf771_w320_h180_c1_t0.jpg,自助游,常规自助,97,502,4332,上海,,迪士尼乐园 亲子活动 自由活动,5,"['主题乐园', '近购物中心']",途牛国旅
210610447,<上海迪士尼乐园火车2-4日自由行>铁路往返 玩具酒店/乐园酒店任选 含1日成人乐园票 可增订儿童/老年票  开启奇幻旅程,http://m.tuniucdn.com/fb2/t1/G2/M00/21/B2/Cii-Tlg2feKIb61lACaeDLaPr4EAAEzPQOLokYAJp4k649_w320_h180_c1_t0.jpg,自助游,常规自助,97,348,3198,上海,,迪士尼乐园 亲子活动 自由活动,5,"['主题乐园', '近购物中心']",途牛国旅
210218113,<上海迪士尼乐园高铁2日自由行>宿迪斯尼度假区 玩具/乐园酒店任选 可加订1日票/2日票 体验奇梦之旅 周末亲子绝佳之选,http://m.tuniucdn.com/fb2/t1/G5/M00/F4/14/Cii-s1rz_FKIaI94AANFZrsgFBEAAGpjQJWifgAA0V-421_w320_h180_c1_t0.JPG,自助游,常规自助,97,382,2720,上海,,,5,"['主题乐园', '近景点/景区内']",途牛国旅
210218114,<上海迪士尼乐园高铁3日自由行>铁路往返  宿上海迪士尼度假区酒店 玩具/乐园酒店任选 可加订1日/2日乐园门票 圆梦童话世界,http://m.tuniucdn.com/fb2/t1/G2/M00/1D/08/Cii-T1g1B0OIJgcoACIg5dfdB04AAEs9ALfsWoAIiD9889_w320_h180_c1_t0.jpg,自助游,常规自助,96,298,2935,上海,,,5,"['主题乐园', '近景点/景区内']",途牛国旅
210351070,"<上海迪士尼乐园高铁2日自由行>宿上海迪士尼度假区酒店,含2日乐园联票,亲临童话王国",http://m.tuniucdn.com/fb2/t1/G2/M00/1D/08/Cii-T1g1By-IVm8LAByAxFqh8YIAAEs9ACD3J0AHIDc825_w320_h180_c1_t0.jpg,自助游,常规自助,99,179,1249,上海,,,2,"['美食', '近景点/景区内']",途牛国旅
210224069,"<上海迪士尼乐园高铁2日自由行>奇梦之旅,宿上海迪士尼度假区酒店,含1日乐园门票",http://m.tuniucdn.com/fb2/t1/G2/M00/1C/D8/Cii-TFg0-vOIaYaiAB66GVEHgkoAAEs0QHad6gAHrox702_w320_h180_c1_t0.jpg,自助游,常规自助,99,171,1160,上海,,,5,"['主题乐园', '近景点/景区内']",途牛国旅
210351106,"<上海迪士尼乐园高铁3日自由行>宿2晚迪士尼度假区酒店,含2日乐园联票,途牛专享酒店特惠，限量抢购，一同开启梦的旅程",http://m.tuniucdn.com/fb2/t1/G2/M00/11/34/Cii-TleRkJaIUAL8ABer5dcq7dgAAAYigBFA1sAF6v9406_w320_h180_c1_t0.jpg,自助游,常规自助,97,86,1394,上海,,,5,"['美食', '近景点/景区内']",途牛国旅
210237467,"<上海迪士尼乐园高铁4日自由行>宿1晚市区+2晚度假区内酒店, 含2日乐园联票",http://m.tuniucdn.com/fb2/t1/G2/M00/11/33/Cii-TleRkAWIIyUoAA1QiR-qg9sAAAYiAHi_7kADVCh548_w320_h180_c1_t0.jpg,自助游,常规自助,95,106,702,上海,,,2,"['主题乐园', '近景点/景区内']",途牛国旅
210623016,<上海迪士尼动车高铁2-4日自由行>宿上海柏思特/鸿锦国际/莎海国际酒店自选房型，自选迪士尼1日/2日/星空票，免费预约酒店往返迪士尼接送,http://m.tuniucdn.com/fb2/t1/G2/M00/1D/1C/Cii-TFg1C8eIKWABACvUw1K31tIAAEtAgJVtZUAK9Tb555_w320_h180_c1_t0.jpg,自助游,常规自助,93,147,1001,上海,,多出发城市 火车/动车/高铁班次任选 精选上海高性价比商务酒店 近景区,3,"['主题乐园', '近景点/景区内']",途牛国旅
210622613,<上海迪士尼2-4日自由行>宿上海鸿锦国际酒店含早，免费预约提供迪士尼接驳服务，超强攻略，1日/2日丰富门票可选，高铁/动车/火车快捷多班次,http://m.tuniucdn.com/fb2/t1/G2/M00/1D/1C/Cii-TFg1C7mIOLZZABmtGVykydEAAEtAgAtMeoAGa0x469_w320_h180_c1_t0.jpg,自助游,常规自助,93,99,715,上海,,多出发城市 火车/动车/高铁班次任选 精选上海高性价比商务酒店 近景区 强大攻略助力自由行之旅,2,"['主题乐园', '近景点/景区内']",途牛国旅
210612109,"<上海迪士尼双铁2-5日自由行>宿热卖酒店,含1日乐园联票，探索奇梦之旅，多种交通接驳可选",http://m.tuniucdn.com/fb2/t1/G2/M00/1D/08/Cii-T1g1B0OIJgcoACIg5dfdB04AAEs9ALfsWoAIiD9889_w320_h180_c1_t0.jpg,自助游,常规自助,89,93,594,上海,,迪士尼乐园 亲子活动 主题乐园,3,"['主题乐园', '近景点/景区内']",途牛国旅
210622762,<上海迪士尼2-4日自由行>宿上海玩具总动员酒店/迪士尼乐园酒店（多种房型套餐可选），超强攻略可提供订票服务，高铁/动车/火车快捷多班次,http://m.tuniucdn.com/fb2/t1/G2/M00/1D/08/Cii-TFg1B0KIXrreABntZuFjUjQAAEs9ALFjakAGe1-614_w320_h180_c1_t0.jpg,自助游,常规自助,96,54,379,上海,,多出发城市 火车/动车/高铁班次任选 精选上海迪士尼度假区人气度假酒店 近景区 强大攻略助力自由行之旅,4,"['主题乐园', '近景点/景区内']",途牛国旅
210622885,<上海迪士尼2-4日自由行>宿上海玩具总动员酒店/迪士尼乐园酒店（多种房型可选），自选迪士尼1日/2日/星空票，高铁/动车/火车快捷多班次,http://m.tuniucdn.com/fb2/t1/G2/M00/0D/40/Cii-TlgukyeIEGISAA_qZvrsHKsAAEh4AC4oCkAD-p-491_w320_h180_c1_t0.jpg,自助游,常规自助,96,53,362,上海,,多出发城市 火车/动车/高铁班次任选 精选上海迪士尼度假区人气度假酒店 近景区 迪士尼1日/2日/星空票自选,4,"['主题乐园', '近景点/景区内']",途牛国旅
210449022,<上海高铁动车3日自由行>宿上海鸿锦国际酒店（享迪士尼免费接驳） 1日/2日门票自选 更有餐券套餐可选 可预订高铁接站,http://m.tuniucdn.com/fb2/t1/G2/M00/23/52/Cii-TFiv1VmIK6SKABKHPZ7LUA4AAHihgPV04EAEodV69_w320_h180_c1_t0.jpeg,自助游,常规自助,96,42,348,上海,,大床/双床/三人间/亲子房 房型多种选择,2,"['主题乐园', '近景点/景区内', '四星/高档']",途牛国旅
210461314,<上海迪士尼乐园2日自由行>宿上海玩具总动员酒店/迪士尼乐园酒店 ，含自选1日/ 2日门票，高铁/动车/火车天天多班次可选订接站服务,http://m.tuniucdn.com/fb2/t1/G2/M00/1E/61/Cii-TFg1Zd2IFKfLACwiv-RpDZUAAEuAwCus_gALCLX074_w320_h180_c1_t0.jpg,自助游,常规自助,96,44,309,上海,,,4,"['主题乐园', '近景点/景区内', '五星/豪华']",途牛国旅
210457387,<上海迪士尼乐园2日自由行>宿迪士尼外酒店（享免费预约迪士尼接送），含自选迪士尼1日/2日入园票，高铁/动车天天多班次可选接站预订,http://m.tuniucdn.com/fb2/t1/G2/M00/22/99/Cii-Tlg2sBqIVVmxACOniudJL2QAAE0ZAKZFXAAI6ei71_w320_h180_c1_t0.jpeg,自助游,常规自助,91,56,363,上海,,,2,"['城市观光', '近景点/景区内', '四星/高档']",途牛国旅
210420935,<上海高铁动车2日自由行>宿上海鸿锦国际酒店（可享免费迪士尼接送），迪士尼1日/2日成人儿童老人票可选,http://m.tuniucdn.com/fb2/t1/G2/M00/34/0B/Cii-TFeq3AmIDRwkADP3TLbT2EsAABBdAD1i8sAM_dk820_w320_h180_c1_t0.jpg,自助游,常规自助,91,56,363,上海,,,2,"['主题乐园', '近景点/景区内']",途牛国旅
210622121,<上海迪士尼2-4日自由行>品质体验柏思特酒店，多房型套餐可选，免费预约提供迪士尼接驳服务，超强攻略，高铁/动车/火车多班次可选,http://m.tuniucdn.com/fb2/t1/G2/M00/21/AC/Cii-T1g2fFaIMDELABMpI2T48ogAAEzNgEEW7gAEyk7664_w320_h180_c1_t0.jpg,自助游,常规自助,93,41,243,上海,,多出发城市 火车/动车/高铁班次任选 精选上海高性价比商务酒店 近景区,3,"['主题乐园', '近景点/景区内']",途牛国旅
210610405,"<上海火车2-6日自由行>宿市区酒店,多景点门票可加订，畅游魔都,领略时尚与经典的魅力所在",http://m.tuniucdn.com/fb2/t1/G2/M00/19/E3/Cii-T1in_qyIXs4mACQCnffJP64AAHQtgGmlpQAJAK1095_w320_h180_c1_t0.jpg,自助游,常规自助,88,42,261,上海,,外滩 城隍庙 豫园 东方明珠,2,"['购物血拼', '近景点/景区内']",途牛国旅
210455360,<上海迪士尼乐园3日自由行>可选1日/2日门票，宿柏思特酒店2晚（享免费酒店往返迪士尼接送） 高铁/动车/火车天天多班次，可预订高铁接站服务,http://m.tuniucdn.com/fb2/t1/G2/M00/1E/61/Cii-TFg1Ze6IHlDTABgRmxSbSLAAAEuAwI0ZAcAGBGz261_w320_h180_c1_t0.jpg,自助游,常规自助,93,30,173,上海,,酒店前台预约迪士尼接车服务,3,"['主题乐园', '近景点/景区内']",途牛国旅
210157369,"<上海高铁3日自由行>魅力上海,东方巴黎等你来探秘",http://m.tuniucdn.com/filebroker/cdn/ord/5b/9b/5b9bb8d241b41b502585e8a96e7502b6_w320_h180_c1_t0.jpg,自助游,常规自助,93,19,147,上海,,酒店任选  繁华都市  高铁出游  低碳环保,3,[],途牛国旅
210610415,<上海火车2-6日自由行>宿市区核心商圈  出行便捷 一览魔都风采,http://m.tuniucdn.com/fb2/t1/G2/M00/4F/1B/Cii-TljQ0zuIE6x-AIxGEBGHxWsAAIsQwNzNTwAjEYo272_w320_h180_c1_t0.jpg,自助游,常规自助,95,12,125,上海,,外滩 城隍庙 豫园 东方明珠 南京路,3,"['购物血拼', '近购物中心']",途牛国旅
210045541,<上海东方明珠-黄浦江1日游>全透明观光走廊，百年沧桑陈列馆，城隍庙，人民广场附近免费上门接，门票全含，无自费,https://m.tuniucdn.com/fb2/t1/G1/M00/B3/F1/Cii9EFcwG8aILo4eADkQb91FLJMAAFUoQOWIrIAORCH39_w320_h180_c1_t0.jpeg,跟团游,常规跟团,89,889,7620,上海,上海,天天发班 上海精华游,2,[],金色阳光4
210511112,<上海博物馆-浦江-东方明珠-历史陈列馆-外滩观光隧道-城隍庙1日游>纯正夜游，无购物,http://m.tuniucdn.com/fb2/t1/G2/M00/B4/D2/Cii-T1kZcWuIBh81AAeyUV80bXkAAJ28QF6e_YAB7Jp496_w320_h180_c1_t0.jpg,跟团游,常规跟团,92,366,2212,上海,黄浦区,纯玩无购物 登东方明珠 浦江豪华游轮 夜游魔都 城隍庙古韵 外滩万国建筑 ,2,[],都市之旅
210517725,<东方明珠-黄浦江-城隍庙-外滩-南京路步行街1日游>乘坐浦江游船，纯游，无购物,http://m.tuniucdn.com/fb2/t1/G2/M00/B4/D2/Cii-T1kZcWuIBh81AAeyUV80bXkAAJ28QF6e_YAB7Jp496_w320_h180_c1_t0.jpg,跟团游,常规跟团,95,222,1381,上海,黄浦区,纯玩无购物 登东方明珠 浦江游轮 上海地标建筑 外滩万国建筑 ,2,['城市观光'],都市之旅
210016652,"<上海崇明岛1日游>明珠湖、西沙湿地公园,崇明极限挑战,赏家门口的美景",http://m.tuniucdn.com/filebroker/cdn/prd/5d/2e/5d2e4de0fca92e5a04adab6922a2236a_w320_h180_c1_t0.jpg,跟团游,常规跟团,91,3229,1.8万,上海,上海,荡漾湖泊 揽秀崇明 ,2,[],上海旅投
210283213,<华东五市-苏州园林-杭州-乌镇火车5日游>纯玩深度0购物，国际五星酒店，西栅精品客栈，5道风味正餐，万人出游，连续5年高销量,http://m.tuniucdn.com/fb2/t1/G1/M00/97/18/Cii-U1i6JLKIHoQyABe1hlNZlIsAAIT_QM8J_kAF7We738_w320_h180_c1_t0.jpg,跟团游,常规跟团,98,4252,1.6万,上海,南京,南京进上海出 祈福灵山大佛 中国斜塔虎丘 小家碧玉留园 船游西湖,5,['古镇水乡'],牛人专线
210046218,<上海-苏州-乌镇-杭州4日游>纯玩0购物，专车专导，首道门票全含，一天一座城， 精选江南5A级景区，含姑苏水上游，可选接站服务,http://m.tuniucdn.com/fb2/t1/G2/M00/0D/13/Cii-TleMhS-IMFXUAAgQaiS7ikIAAAR_QLsos0ACBCC163_w320_h180_c1_t0.jpg,跟团游,常规跟团,93,2817,1.8万,上海,上海,住宿可升级 专职专导 吴中名胜虎丘 中国四大园林 杭州西湖 宋城,2,['古镇水乡'],牛人专线
210248975,<华东六市+绍兴+乌镇+周庄+木渎+杭州火车5日游>秦淮十六味，玩转四水乡，船游江南，入梦周庄plus宋城千古情酒店，打Call风车季,http://m.tuniucdn.com/fb2/t1/G5/M00/70/BE/Cii-tFqPqJiIE3XJAAkKe8fu-VEAADl_QOiBfcACQqT617_w320_h180_c1_t0.jpg,跟团游,常规跟团,95,6867,2.2万,上海,南京,秦淮十六味 太湖鼋头渚 船游木渎 风车之乡周庄 船游西湖 鲁迅三味书屋,2,['古镇水乡'],牛人专线
210283979,<华东五市-苏州园林-杭州-乌镇火车6日游>深度纯玩0购物，国际五星酒店，西栅精品客栈，5道风味正餐，万人出游，连续5年高销量,http://m.tuniucdn.com/fb2/t1/G5/M00/02/84/Cii-tFocxyWAC4LhAWeh72GFqxA438_w320_h180_c1_t0.jpg,跟团游,常规跟团,98,4373,1.6万,上海,上海,祈福灵山大佛 中国斜塔虎丘 小家碧玉留园 船游西湖,5,"['古镇水乡', '纯玩无购物']",牛人专线
210248978,<华东六市+绍兴+乌镇+杭州火车6日游>秦淮十六味，玩转四水乡，船游江南，入梦周庄plus宋城千古情酒店，打Call风车季,http://m.tuniucdn.com/fb2/t1/G5/M00/70/BE/Cii-tFqPqJiIE3XJAAkKe8fu-VEAADl_QOiBfcACQqT617_w320_h180_c1_t0.jpg,跟团游,常规跟团,95,6823,2.2万,上海,南京,秦淮小吃八绝 太湖鼋头渚 船游木渎古镇 风车之乡周庄 船游西湖 鲁迅三味书屋,2,['古镇水乡'],牛人专线
210016176,[端午]<上海东方明珠-透明观光廊-城隍庙-黄浦江-外滩1日游>当日可定 含午餐 乘坐浦江游船 百年沧桑陈列馆 市区免费上门接,http://m.tuniucdn.com/fb2/t1/G1/M00/3B/3B/Cii9EVbwodiIE3BMAA8SvIUdQTsAACttAOvB7AADxLU192_w320_h180_c1_t0.jpg,跟团游,常规跟团,90,557,2553,上海,上海,东方明珠 ,2,['城市观光'],周庄直通车
210022864,<上海-苏州-乌镇-杭州4日游>纯玩0购物，专车专导，一天一座城，1晚住乌镇赏日夜全景，精选江南5A级景区，穿越宋城游西湖,http://m.tuniucdn.com/fb2/t1/G2/M00/0F/57/Cii-TFePI9CISnRzAAxEoZWc_JsAAAVhwPpaQMADES5836_w320_h180_c1_t0.jpg,跟团游,常规跟团,92,143,550,上海,上海,住宿可升级 乌镇夜色尽享 纯玩0购物 专业导游,2,['古镇水乡'],牛人专线
210609456,<上海杜莎夫人蜡像馆+东方明珠+黄浦江1日游>,http://m.tuniucdn.com/fb2/t1/G5/M00/62/A9/Cii-slqAWEKIUpAeAAV29i3CmKwAADa5gEILWEABXcO084_w320_h180_c1_t0.jpg,跟团游,常规跟团,100,1,31,上海,上海,纯玩无购物 上海地标建筑 懒人出游 ,2,[],都市之旅
210182753,[端午]<上海东方明珠-百年沧桑蜡像馆-黄浦江-城隍庙1日游>0购物 登东方明珠逛城隍庙、含浦江游船,http://m.tuniucdn.com/filebroker/cdn/olb/05/f5/05f5337f642e167e945ed82e443d804d_w320_h180_c1_t0.jpg,跟团游,常规跟团,93,15,69,上海,上海,高性价比 繁华都市 全景上海 ,2,['城市观光'],周庄直通车
210028993,<上海东方明珠-黄浦江1日游>登地标东方明珠，坐浦江游船览两岸风景,http://m.tuniucdn.com/fb2/t1/G1/M00/CA/E7/Cii9EValpR6IXPKTAAqksVOWiSwAABnygFiV9cACqTJ607_w320_h180_c1_t0.jpg,跟团游,常规跟团,94,71,424,上海,上海,登临东方明珠 漫步外滩 感受摩登都市 ,2,[],华东周边品质游
210014041,[端午]<上海-杭州-乌镇3日游>纯玩0购物 精选5A景点 涵盖上海地标景点 含西湖游船票和黄浦江游船 穿越宋城 似水年华乌镇,http://m.tuniucdn.com/fb2/t1/G1/M00/F4/38/Cii9EVdRBtOIRu_WAA8tTSPwcEAAAGVvgO2jvkADy1l559_w320_h180_c1_t0.jpg,跟团游,常规跟团,88,1207,5126,上海,上海,纯玩不购物 一人成团 ,2,['湖光山色'],天天江南行
210616660,<上海东方明珠+城隍庙+外滩+南京路步行街1日游>含浦江游轮 真夜景，纯玩0购物,https://m.tuniucdn.com/fb2/t1/G2/M00/3B/F3/Cii-TlhDrhCIPI2qAAmtJaIgBZAAAFHPwNgoBkACa09884_w320_h180_c1_t0.jpg,跟团游,常规跟团,100,5,14,上海,上海,0购物   真夜游,2,[],乐迪旅游
210429178,<上海迪士尼乐园巴士自助1日游>含1日门票，景区接送，踏春之旅尽在迪士尼,http://m.tuniucdn.com/fb2/t1/G2/M00/17/14/Cii-T1gypASIT5oEAAuHdolZXOAAAEppQCLlOAAC4eO080_w320_h180_c1_t0.jpg,跟团游,半自助,92,35,376,上海,浦东新区,景区直通车 直达景区 亲子出游 乐园撒欢 ,2,[],蜘蛛行
210025529,<上海1日游>含东方明珠，透明观光廊，夜游黄浦江，百年沧桑历史陈列馆，纯正夜游，无购物,http://m.tuniucdn.com/fb2/t1/G5/M00/F1/43/Cii-slryZs-IAdc8AA4Gfps0sjsAAGlgwJCJXsADgaW548_w320_h180_c1_t0.jpg,跟团游,常规跟团,93,66,731,上海,上海,魔都经典 夜游黄浦江 东方明珠 ,2,"['城市观光', '纯玩无购物']",牛人专线
210013763,[端午]<上海东方明珠-透明观光廊-城隍庙-黄浦江-南京路步行街1日游>乘坐浦江游船 含百年沧桑陈列馆 市区免费上门接,http://m.tuniucdn.com/fb2/t1/G5/M00/F1/56/Cii-tFryblyIV72YAArdpT5GmtUAAGlpQN9JjkACt29594_w320_h180_c1_t0.jpg,跟团游,常规跟团,90,1784,1.2万,上海,上海,繁华都市 全景上海 东方明珠 浦江游船 ,2,['主题乐园'],周庄直通车
210422362,<上海迪士尼乐园1日游>含1日门票 含往返巴士接送，乐园撒欢，唤醒快乐之旅,http://m.tuniucdn.com/fb2/t1/G2/M00/17/9A/Cii-TFgyvh2IPgSBACFgWNopAuwAAEqAQDqbswAIWBw456_w320_h180_c1_t0.jpg,跟团游,常规跟团,88,53,1313,上海,浦东新区,景区直达 行程无忧 深度纯玩 ,2,['近地铁'],牛人专线
210020107,<上海博物馆-东方明珠-城隍庙-外滩南京路步行街1日游>IN上海，登东方明珠乘黄浦江游船，绝美江南行,https://m.tuniucdn.com/fb2/t1/G2/M00/19/E3/Cii-T1in_rCIRiOoABYQ4qPA-ZMAAHQtgK-sMgAFhD6115_w320_h180_c1_t0.jpg,跟团游,常规跟团,90,31,195,上海,上海,登东方明珠 乘游船 ,2,['美食'],华东周边品质游
210024784,[端午]<上海1日游>懒人出行   夜游必含东方明珠透明观光廊 浦江游船 外滩 南京路 城隍庙 纯玩0购物 当日可定,http://m.tuniucdn.com/fb2/t1/G2/M00/B4/EB/Cii-Tlhy_HOIUUM2ACMyHO7w4DoAAGhjgPD5HcAIzI0273_w320_h180_c1_t0.png,跟团游,常规跟团,90,126,434,上海,上海,魅力都市 ,2,['主题乐园'],周庄直通车
210224188,<上海-苏州-乌镇-杭州4日游>纯玩0购物，专车专导，一天一座城，宿乌镇内精品客栈，5A级景区，苏州双园林，赏乌镇日夜全景，穿越宋城游西湖,http://m.tuniucdn.com/fb2/t1/G2/M00/10/7B/Cii-T1eQhq6IWKghAAjs3xhK5u0AAAXUQKKjRIACOz3712_w320_h180_c1_t0.jpg,跟团游,常规跟团,100,5,60,上海,黄浦区,游中国名园 专车专导 门票全含 纯玩0购物 含苏州评弹 满享旅程,4,['古镇水乡'],牛人专线
210097965,<周庄-上海巴士2日游>感受水乡古镇与魅力都市的结合,http://m.tuniucdn.com/filebroker/cdn/online/ec/2c/ec2c8f1e_w320_h180_c1_t0.jpg,跟团游,常规跟团,100,1,9,上海,上海,品江南水乡 ,2,[],上海绿友
210470669,<上海-杭州-南京-苏州-无锡-乌镇火车5晚6日游>江南避暑胜地南山竹海，享西湖游船体验，三大水乡，升级1晚国际酒店，24小时接送服务,http://m.tuniucdn.com/filebroker/cdn/online/19/3f/193f48a8_w320_h180_c1_t0.jpg,跟团游,常规跟团,79,4,8,上海,上海,秦淮八绝美食 休闲游船体验 升级一晚住宿 ,4,['古镇水乡'],正阳国旅
210560345,<上海1日游>全透明观光走廊，百年沧桑陈列馆，城隍庙，市区免费上门接，门票全含,http://m.tuniucdn.com/filebroker/cdn/olb/e9/09/e909fdc20a08acd8a2d59f9043b23503_w320_h180_c1_t0.png,跟团游,常规跟团,100,2,3,上海,上海,登东方明珠 逛城隍庙 ,2,['城市观光'],上海绿友
210602529,[端午]<杭州西湖-乌镇西栅-上海-苏州4日游>杭进沪出，品牌五星酒店，一晚乌镇客栈，韵味周庄，夜游西栅，含宋城大门票，1车1导,https://m.tuniucdn.com/fb2/t1/G1/M00/97/18/Cii-U1i6JJ6IPYDDACuYiFeMelkAAIT-gPE35oAK5ig509_w320_h180_c1_t0.jpg,跟团游,常规跟团,100,23,103,杭州,杭州,爸妈游 亲子休闲 灵隐祈福 中国第一水乡 乌镇西栅 苏州园林留园 ,4,['古镇水乡'],万达旅业
210030590,[端午]<上海东方明珠-黄浦江-百年沧桑陈列-城隍庙老街-外滩1日游>纯正夜游 乘浦江游船 踏高空透明观光廊 百年沧桑陈列馆  当日可定,http://m.tuniucdn.com/fb2/t1/G2/M00/B4/EE/Cii-Tlhy_RyIB_GXACrPb_j4bd0AAGhkQPGNwoAKs-H621_w320_h180_c1_t0.png,跟团游,常规跟团,91,682,3023,上海,上海,繁华都市 全景上海 ,2,['湖光山色'],周庄直通车
210479978,<上海东方明珠-黄浦江1日游>人民广场附近免费上门接，纯玩无购物，门票全含,https://m.tuniucdn.com/fb2/t1/G2/M00/19/E3/Cii-Tlin_piIP-2HABbw59acCPUAAHQtQGJGw8AFvD_940_w320_h180_c1_t0.jpg,跟团游,常规跟团,86,8,62,上海,上海,主题乐园 城市观光 纯玩，无购物 ,2,[],金色阳光4
210637068,<上海东方明珠-透明观光廊-城隍庙-黄浦江-外滩1日游>全程纯玩 当日可定 含午餐 乘坐浦江游船 百年沧桑陈列馆 市区免费上门接,http://m.tuniucdn.com/fb2/t1/G5/M00/DB/C9/Cii-s1rkAwyIXX0dAAcFNsBj4skAAGM-wEuhp0ABwVO311_w320_h180_c1_t0.jpg,跟团游,常规跟团,100,,2,上海,上海,东方明珠,2,"['城市观光', '纯玩无购物']",牛人专线
210629920,<上海迪士尼乐园2-4日自驾游>玩具总动员/迪士尼乐园酒店任选 相约迪士尼  2晚连住享受4至6折特惠价  库存有限 途牛独享 可加定迪士尼景区门票,http://m.tuniucdn.com/fb2/t1/G1/M00/82/C3/Cii9EFimyPOIOvNTACQXu9Q8m9cAAHkOQAnQBgAJBfT394_w320_h180_c1_t0.jpg,自驾游,常规自驾,97,1482,1.4万,上海,,上海迪士尼,5,"['主题乐园', '近景点/景区内']",途牛国旅
210602812,<上海迪士尼玩具总动员酒店2-4日自驾游>行程可选 迪士尼景区门票任选  开启童话之旅,http://m.tuniucdn.com/fb2/t1/G1/M00/30/8B/Cii9EVdwi1iIMPIAAAPg872xXygAAGwcwCY21wAA-EL104_w320_h180_c1_t0.jpg,自驾游,常规自驾,96,1292,1.2万,上海,,上海迪士尼,5,"['主题乐园', '近景点/景区内']",途牛国旅
210603383,<上海柏思特酒店2-4日自驾游>行程可选 另可加购迪士尼景区/上海野生动物园门票 含酒店至迪士尼景区的往返接送服务,http://m.tuniucdn.com/fb2/t1/G2/M00/1E/61/Cii-Tlg1ZeyIceybACGwwS3KUgsAAEuAwH22kwAIbDZ882_w320_h180_c1_t0.jpg,自驾游,常规自驾,95,676,6152,上海,,上海迪士尼,4,"['主题乐园', '近景点/景区内']",途牛国旅
210350096,<上海太阳岛酒店-悠然假期自驾2日游>宿上海太阳岛度假酒店 岛屿豪华房,http://m.tuniucdn.com/fb2/t1/G2/M00/54/87/Cii-T1fIBRiIEZUWAALRL3fK7QgAAB8qQMT1L4AAtFH945_w320_h180_c1_t0.jpg,自驾游,常规自驾,95,15,300,上海,中国,,4,[],途牛国旅
210208164,<上海迪士尼乐园自驾2日畅游>宿上海柏思特酒店  高品质酒店体验游,http://m.tuniucdn.com/fb2/t1/G2/M00/11/3D/Cii-T1eRlu-IAorfABIXshY9Q2MAAAYmwDq1MwAEhfK315_w320_h180_c1_t0.jpg,自驾游,常规自驾,95,625,5648,上海,,,4,"['主题乐园', '近景点/景区内']",途牛国旅
210603441,<上海浦东机场莎海国际酒店2-4日自驾游>行程可选  含酒店至迪士尼景区/浦东机场的接送服务,http://m.tuniucdn.com/fb2/t1/G2/M00/21/B2/Cii-T1g2fd2IXTYZABu7YIJ7LvAAAEzPQLYLhEAG7t4240_w320_h180_c1_t0.jpg,自驾游,常规自驾,94,71,1107,上海,,上海迪士尼,3,"['主题乐园', '近景点/景区内']",途牛国旅
210307758,<双人报价套餐-上海迪士尼乐园自驾2日游>宿上海迪士尼乐园酒店 梦想尽在迪士尼,http://m.tuniucdn.com/fb2/t1/G2/M00/11/3E/Cii-TleRl6SIUvuHABC3B-vLzHkAAAYnAIbqGUAELcf332_w320_h180_c1_t0.jpg,自驾游,常规自驾,98,316,2814,上海,亚洲,上海迪士尼乐园  童话城堡 探险  梦想,5,"['主题乐园', '近景点/景区内', '四星/高档']",途牛国旅
210603421,<上海鸿锦国际酒店2-4日自驾游>另可加购迪士尼景区/上海野生动物园门票 含酒店至迪士尼景区的往返接送服务,http://m.tuniucdn.com/fb2/t1/G2/M00/32/2C/Cii-Tlg-fLWIMDaYAB-IDTOAhbgAAE_bQGkQicAH4gl024_w320_h180_c1_t0.jpg,自驾游,常规自驾,96,420,3697,上海,,上海迪士尼,2,"['主题乐园', '近景点/景区内']",途牛国旅
210442489,<双人报价套餐-上海迪士尼乐园自驾3日游>宿玩具总动员酒店 和迪士尼来一场约会,http://m.tuniucdn.com/fb2/t1/G2/M00/11/3E/Cii-TleRl5WIcEoUABCGf-gQ0awAAAYnADtyWsAEIaX869_w320_h180_c1_t0.jpg,自驾游,常规自驾,96,1292,1.2万,上海,上海迪士尼乐园,上海迪士尼乐园  童话城堡 探险  梦想,5,"['主题乐园', '近景点/景区内']",途牛国旅
210307767,<双人报价套餐-上海迪士尼浪漫自驾2日游>宿玩具总动员酒店  炫酷魔都  魔法乐园,http://m.tuniucdn.com/fb2/t1/G2/M00/32/2C/Cii-Tlg-fLaIE1msABXTYmouGGcAAE_bQHsiy8AFdN6706_w320_h180_c1_t0.jpg,自驾游,常规自驾,96,1292,1.2万,上海,上海迪士尼乐园,上海迪士尼乐园  童话城堡 探险  梦想,5,"['主题乐园', '近景点/景区内']",途牛国旅
210603349,<上海迪士尼乐园酒店2-4日自驾游>行程可选 另可加定上海迪士尼/上海野生动物园门票,http://m.tuniucdn.com/fb2/t1/G2/M00/1E/61/Cii-T1g1ZfKIKNB3AClkipgdLSUAAEuAwKFMkIAKWSi018_w320_h180_c1_t0.jpg,自驾游,常规自驾,98,316,2814,上海,,上海迪士尼 上海迪士尼乐园酒店,5,"['主题乐园', '近景点/景区内']",途牛国旅
210335168,<上海迪士尼乐园自驾2日游>宿上海鸿锦国际大酒店  享酒店往返迪士尼接送,http://m.tuniucdn.com/fb2/t1/G2/M00/11/3D/Cii-TleRluuIXCPRABBUGdRXPBQAAAYmwCs9qUAEFQx517_w320_h180_c1_t0.jpg,自驾游,常规自驾,96,396,3450,上海,亚洲,,2,"['主题乐园', '近景点/景区内']",途牛国旅
210350189,<上海太阳岛酒店自驾2日游>宿太阳岛度假酒店 岛屿豪华房，私汤,http://m.tuniucdn.com/fb2/t1/G2/M00/54/87/Cii-T1fIBReIcl9GAANTXVZceBIAAB8qQMQgUkAA1N1839_w320_h180_c1_t0.jpg,自驾游,常规自驾,100,8,69,上海,中国,,4,[],途牛国旅
210634487,<上海外滩2-3日自驾游>外滩周边酒店任选 另可加购迪士尼景区/东方明珠/环球金融中心/上海中心大厦/上海长风海洋世界/杜莎夫人蜡像馆等景区门票,http://m.tuniucdn.com/fb2/t1/G2/M00/1E/62/Cii-TFg1Zl2IRKAWACNtvMVjX4gAAEuBAOpQVMAI23U783_w320_h180_c1_t0.jpg,自驾游,常规自驾,100,,12,上海,,上海迪士尼 东方明珠 外滩,5,"['主题乐园', '近景点/景区内']",途牛国旅
210142732,<上海迪士尼乐园门票1日游>迪士尼门票/星空票任选  可加定特惠代金餐券/景区交通接驳 来迪士尼点亮您心中的奇梦,http://m.tuniucdn.com/fb2/t1/G2/M00/0C/73/Cii-TFguXHmIPk7jABDEUo2PPCsAAEhJgPpdbsAEMRq895_w320_h180_c1_t0.jpg,自驾游,常规自驾,94,63,991,,,适合2岁以上 上海迪士尼 童话奇遇记,2,['亲子活动'],途牛国旅
210603930,<全季酒店上海野生动物园店2-4日自驾游>另可加购迪士尼景区/上海野生动物园门票,http://m.tuniucdn.com/fb2/t1/G1/M00/82/C2/Cii9EFimyPGIfjtCABZZRFs3H7oAAHkOAOJ4z0AFllc704_w320_h180_c1_t0.jpg,自驾游,常规自驾,96,59,538,上海,,上海迪士尼 东方明珠 外滩,3,"['主题乐园', '近景点/景区内']",途牛国旅
210604200,<桔子水晶酒店上海国际旅游度假区周浦万达店2-4日自驾游>另可加购迪士尼景区/上海野生动物园门票,http://m.tuniucdn.com/fb2/t1/G2/M00/1E/61/Cii-TFg1Ze6IHlDTABgRmxSbSLAAAEuAwI0ZAcAGBGz261_w320_h180_c1_t0.jpg,自驾游,常规自驾,99,7,77,上海,,上海迪士尼 东方明珠 外滩,4,"['主题乐园', '近景点/景区内']",途牛国旅
210334953,<双人报价套餐-上海迪士尼乐园自驾2日游>宿上海迪士尼玩具总动员酒店   来迪士尼 开启您的童话之旅,http://m.tuniucdn.com/fb2/t1/G2/M00/11/3D/Cii-T1eRluiIPPdHAA-l3dXWLzsAAAYmwB0DhYAD6X1161_w320_h180_c1_t0.jpg,自驾游,常规自驾,96,1241,1.1万,杭州,上海迪士尼乐园,上海迪士尼乐园  童话城堡 探险  梦想,5,"['主题乐园', '近景点/景区内']",途牛国旅
210480005,<上海迪士尼乐园自驾2日游>宿迪士尼周边 上海柏思特酒店 免费班车接送迪士尼,http://m.tuniucdn.com/fb2/t1/G2/M00/11/3F/Cii-TFeRmAeIQl0sAA8mmcww-goAAAYnQGbcgAADyax846_w320_h180_c1_t0.jpg,自驾游,常规自驾,95,625,5643,杭州,亚洲,迪士尼  上海迪士尼乐园  上海,4,"['主题乐园', '近景点/景区内']",途牛国旅
210606604,<上海迪士尼乐园自驾3日游>宿上海鸿锦国际大酒店 毗邻上海迪士尼 含迪士尼至酒店的往返接送,http://m.tuniucdn.com/fb2/t1/G2/M00/1E/61/Cii-T1g1ZdyIQNvZAEjIl4GsCMsAAEuAwBj78EASMiv234_w320_h180_c1_t0.jpg,自驾游,常规自驾,96,379,3340,南京,亚洲,,2,[],途牛国旅
210632659,<上海迪士尼自驾3日游>宿1晚玩具总动员酒店 1晚迪士尼乐园酒店 双重选择 非凡体验 惊喜尽在迪士尼,http://m.tuniucdn.com/fb2/t1/G2/M00/32/43/Cii-T1g-giSIHCVSACFDqkiR5SIAAE_fABenP8AIUPC499_w320_h180_c1_t0.jpg,自驾游,常规自驾,97,1480,1.3万,上海,,玩具总动员酒店 迪士尼乐园酒店,4,"['主题乐园', '近景点/景区内']",途牛国旅
210632688,<上海迪士尼-外滩自驾3日自驾游>宿1晚玩具总动员酒店 1晚上海财富大酒店 经典之旅 不容错过,http://m.tuniucdn.com/fb2/t1/G2/M00/32/3A/Cii-TFg-gIWIH2qvABlv17XW3lkAAE_dgPYX7MAGW_v798_w320_h180_c1_t0.JPG,自驾游,常规自驾,97,1166,1.1万,上海,,玩具总动员酒店 上海财富大酒店,4,"['主题乐园', '近景点/景区内']",途牛国旅
210606622,<双人报价套餐-上海迪士尼浪漫自驾2日游>宿玩具总动员酒店  炫酷魔都  魔法乐园,http://m.tuniucdn.com/fb2/t1/G2/M00/32/2C/Cii-Tlg-fLaIE1msABXTYmouGGcAAE_bQHsiy8AFdN6706_w320_h180_c1_t0.jpg,自驾游,常规自驾,97,1166,1.1万,上海,上海迪士尼乐园,上海迪士尼乐园  童话城堡 探险  梦想,5,"['主题乐园', '近景点/景区内']",途牛国旅
210208220,<上海柏思特酒店自驾3日游>上海迪士尼一日票二日票任选  不一样的体验,http://m.tuniucdn.com/fb2/t1/G1/M00/25/82/Cii9EVdqVVCIN8JsABXAVEEvgugAAGrsgIbD5AAFcBs265_w320_h180_c1_t0.jpg,自驾游,常规自驾,95,625,5648,上海,,,4,[],途牛国旅
210185976,<上海迪士尼乐园自驾3日游>宿上海鸿锦国际大酒店 毗邻上海迪士尼,http://m.tuniucdn.com/fb2/t1/G2/M00/1E/61/Cii-T1g1ZdyIQNvZAEjIl4GsCMsAAEuAwBj78EASMiv234_w320_h180_c1_t0.jpg,自驾游,常规自驾,96,396,3454,上海,亚洲,,2,[],途牛国旅
210262519,<双人报价套餐-上海迪士尼自驾3日游>宿上海迪士尼乐园酒店  2晚连住享受4至6折特惠价 库存有限 途牛独享,http://m.tuniucdn.com/fb2/t1/G2/M00/11/3D/Cii-TleRluuIXCPRABBUGdRXPBQAAAYmwCs9qUAEFQx517_w320_h180_c1_t0.jpg,自驾游,常规自驾,98,316,2814,上海,亚洲,上海迪士尼乐园  童话城堡 探险  梦想,5,"['主题乐园', '近景点/景区内', '四星/高档']",途牛国旅
210632698,<上海迪士尼-外滩自驾3日游>宿1晚迪士尼乐园酒店 1晚上海财富大酒店 游迪士尼 赏外滩风光,http://m.tuniucdn.com/fb2/t1/G2/M00/21/B2/Cii-Tlg2feKIb61lACaeDLaPr4EAAEzPQOLokYAJp4k649_w320_h180_c1_t0.jpg,自驾游,常规自驾,98,312,2769,上海,,玩具总动员酒店 上海财富大酒店,4,"['主题乐园', '近景点/景区内']",途牛国旅
210106654,<上海迪士尼乐园自驾2日游>宿上海莎海国际酒店 免费迪士尼班车和24小时预约接送机服务,http://m.tuniucdn.com/fb2/t1/G2/M00/0C/75/Cii-TlguXHyIc0gSABCdiWxRbfQAAEhJwC7i4IAEJ2h279_w320_h180_c1_t0.jpg,自驾游,常规自驾,94,63,1016,上海,中国,,3,[],途牛国旅
210236605,<上海迪士尼乐园自驾3日游>宿上海莎海国际酒店 探寻奇妙之旅  免费迪士尼班车和24小时预约接送机服务,http://m.tuniucdn.com/fb2/t1/G2/M00/11/3F/Cii-TleRmAqILH8GABCdiWxRbfQAAAYnQGqmLEAEJ2h312_w320_h180_c1_t0.jpg,自驾游,常规自驾,94,63,996,上海,中国,,3,"['近景点/景区内', '四星/高档']",途牛国旅
210335220,<上海迪士尼乐园自驾3日游>宿和平豪生酒店  畅游迪士尼,http://m.tuniucdn.com/fb2/t1/G2/M00/11/3D/Cii-T1eRluGIRbyEABFmkPOS9xsAAAYmgN87IgAEWao881_w320_h180_c1_t0.jpg,自驾游,常规自驾,94,78,728,上海,中国,,2,[],途牛国旅
